,parentId,authorDisplayName,replyComment,publishedAt,likeCount
0,Ugw5Ma-bZFlns-fO16N4AaABAg,–î–µ–Ω–∏—Å –ö–æ—Ö–∞–Ω–µ–Ω–∫–æ,–ö–∞–∫ –≤—Å–µ–≥–¥–∞ –ö–õ–ê–°–° . –ñ–¥—É –Ω–æ–≤—ã—Ö –≤–∏–¥–µ–æ .,2021-07-02T09:12:09Z,0
1,Ugw5Ma-bZFlns-fO16N4AaABAg,–ê—Ä–∏—Å—Ç–æ–∫—Ä–∞—Ç,"–ó–¥—Ä–∞–≤—Å—Ç–≤—É–π—Ç–µ –£–≤–æ–∂–∞–µ–º—ã–π –ê–∏–ª—å–¥–∞–∏—Ä—å . –ö–∞–∫ –ø—Å–∞–π–∫–µ—Ä –∏–º–ø–µ—Ä–∏—É–º–∞ —á–µ–ª–æ–≤–µ—á–µ—Å—Ç–≤–∞ .–ü—Ä–µ–¥—Å–∫–∞–∑—ã–≤–∞—é —á—Ç–æ —Å–ª–µ–¥—É—é—â–∏–π –≤–∏–¥–æ—Å –ë—É–¥–µ—Ç –º–∏–Ω–∏–º—É–º –Ω–∞ 6 —á–∞—Å–æ–≤!  –ù—É –∏–ª–∏ —Ä–∞—Å–ø–∏–ª–∏—à—å –∏—Ö –Ω–∞ 2 —á–∞—Å—Ç–∏ –ø–æ 3,5 .–ï—Å–ª–∏ –≤—ã –º–µ–Ω—è —É–±—å—ë—Ç–µ –≤–∞—Å –Ω–∞–π–¥—É—Ç –≤–∞—à–µ–π –ø–∞—É—Ç–∏–Ω–µ –∏ –æ—Ç–ø—Ä–∞–≤—è—Ç –í–∞—à—É –¥—É—à—É –°–ª–∞–Ω–µ—à—å , –Ω–∞ —É–∂–∏–Ω",2021-07-02T07:02:37Z,0
2,Ugw5Ma-bZFlns-fO16N4AaABAg,Gelu122,@R Z –∏–Ω—Ç–µ—Ä–µ—Å—É—é—Ç. –ù–µ–∫–æ—Ç–æ—Ä—ã–µ –∏–∑ —ç—Ç–∏—Ö —Ç–µ–º –µ—Å—Ç—å –≤ –≥–æ–ª–æ—Å–æ–≤–∞–Ω–∏–∏,2021-07-01T20:22:58Z,0
3,Ugw5Ma-bZFlns-fO16N4AaABAg,–ê–Ω–¥—Ä–µ–π –ü–∞—Ö–æ–º–æ–≤,"@–ù–∏–∫–æ–ª–æ –ö–µ—Ñ—Ñ—Ä–∏ –ù–†–ò –µ—Å—Ç—å –Ω–æ –Ω–∞ —Ä—É—Å—Å–∫–æ–º —Ç–æ–ª—å–∫–æ —Ö–∞–∫–∏ –Ω–∞ –¥–Ω–¥, –Ω–æ –≥–µ–Ω–µ–∑–∏—Å–Ω–∞—è —Å–∏—Å—Ç–µ–º–∞ –æ—Ç —Ñ—Ñ–≥ –ª—É—á—à–µ",2021-07-01T17:28:45Z,0
4,Ugw5Ma-bZFlns-fO16N4AaABAg,–ò–≥–æ—Ä—å –ë–ª–µ–∫—Ñ–∞–π–µ—Ä,–ü—Ä–µ–¥—Ä–∞–≥–∞—é  –≤–∏–¥–∏–æ —Å—Ç–∞—Ç—å—é –ø—Ä–æ –≤—Å–µ–ª–µ–Ω–æ—é –í–∞—Ä—Ö–∞–º–µ—Ä 40000 –æ —à–∞–≥–∞—é—à–µ–π —Ç–µ—Ö–Ω–∏–∫–µ —ç—Ç–æ –¢–∏—Ç–∞–Ω—ã –î—Ä–µ–¥–Ω–æ—É—Ç—ã  –∏  –ò–º–ø–µ—Ä—Å–∫–∏—Ö –†—ã—Ü–∞—Ä–∏,2021-07-01T16:36:29Z,0
5,UgwNyYhC9R_Vs1evZbF4AaABAg,Rian T,"@Gelu122 –†–∞–∑–Ω–∏—Ü—ã –Ω–µ—Ç, –Ω–∏–∫—Ç–æ –Ω–µ –±—É–¥–µ—Ç —Ç–µ—Ä–ø–µ—Ç—å –≤—Ä–∞–≥–æ–≤ —É —Å–≤–æ–µ–π –≥—Ä–∞–Ω–∏—Ü—ã. –ö–∞–∫ —è –≤—Å–µ–≥–¥–∞ –≥–æ–≤–æ—Ä—é""–î—É—Ä–Ω—ã—Ö –Ω—ç–º–∞ "".",2021-07-01T20:22:51Z,0
6,UgwNyYhC9R_Vs1evZbF4AaABAg,Gelu122,"–µ—Å—Ç—å –æ–¥–Ω–∞ –º–∞–ª–µ–Ω—å–∫–∞—è, –Ω–æ —Å—É—â–µ—Å—Ç–≤–µ–Ω–Ω–∞—è —Ä–∞–∑–Ω–∏—Ü–∞: –†–æ—Å—Å–∏—è —Ñ–µ–¥–µ—Ä–∞—Ü–∏—è, –∞ –ì–∞–ª–∞–∫—Ç–∏—á–µ—Å–∫–∞—è –†–µ—Å–ø—É–±–ª–∏–∫–∞ - –∫–æ–Ω—Ñ–µ–¥–µ—Ä–∞—Ü–∏—è (–ø–æ —Å–≤–æ–µ–º—É —É—Å—Ç—Ä–æ–π—Å—Ç–≤—É)",2021-07-01T20:16:43Z,0
7,UgzS25QkCqNI7dro78B4AaABAg,–û–ª—å–≥–∞ –í–∞—Å–∏–ª—å–µ–≤–∞,–ö–∞—Ä–∞–∫,2021-07-01T19:05:57Z,0
8,UgwSLeZfK65QU7ZaWrh4AaABAg,–≤–ª–∞–¥–∏—Å–ª–∞–≤ –∂–µ—Ä–µ–±—Ü–æ,40:30 —Ç–µ–ø–µ—Ä—å –≤—Å—ë –ø–æ–Ω—è—Ç–Ω–æ.,2021-07-01T17:26:24Z,1
9,Ugy4w5rzTfEkU0YSrkV4AaABAg,Gelu122,"@Neil Dixson –∫–æ–≥–¥–∞ —Ñ–∞–Ω–∞—Ç—ã –∑–∞–º–µ—Ä—è–ª–∏ –µ–≥–æ –∫–æ—Ä–∞–±–ª—å –ø–æ –Ω–µ–∫–æ—Ç–æ—Ä—ã–º –ø—Ä–∏–∑–Ω–∞–∫–∞–º (—Å—á–∏—Ç–∞–ª–∏ –æ—Ç —Ä–∞–∑–º–µ—Ä–∞ —á–µ–ª–Ω–æ–∫–∞ –∏ –ø—Ä–æ—á–∏—Ö –∏–∑–≤–µ—Å—Ç–Ω—ã—Ö –≤–µ—â–µ–π) –≤—ã—è—Å–Ω–∏–ª–æ—Å—å, —á—Ç–æ –≥–∏–¥–µ–æ–Ω–æ–≤—Å–∫–∏–π –∫—Ä–µ–π—Å–µ—Ä –æ–∫–æ–ª–æ 600-650 –º–µ—Ç—Ä–æ–≤ –≤ –¥–ª–∏–Ω—É",2021-07-01T20:21:43Z,0
10,Ugy4w5rzTfEkU0YSrkV4AaABAg,Neil Dixson,"–°—É–¥—è –ø–æ –≤—Å–µ–º—É –º–µ—Ç—Ä–æ–≤ –≤ 200. –û–Ω –Ω–µ–±–æ–ª—å—à–æ–π, —Ç–æ–∂–µ –ª—ë–≥–∫–∏–π –∫—Ä–µ–π—Å–µ—Ä.",2021-07-01T14:20:22Z,0
11,Ugzu3I5tMMKpNuHfawF4AaABAg,–°–∞—à–∞ –¢–∞—Ä—Å–∫–∏—Ö,"@Neil Dixson –Ω–µ—Ç, –≤–∏–¥–µ–æ —Ä–µ–∞–ª—å–Ω–æ 43 –º–∏–Ω—É—Ç—ã",2021-07-01T14:52:06Z,0
12,Ugzu3I5tMMKpNuHfawF4AaABAg,Neil Dixson,–≠—Ç–æ –∂ —à—É—Ç–∫–∞?,2021-07-01T14:21:01Z,0
13,Ugzl_PsOzX0NBJ0DW194AaABAg,Neil Dixson,"–ü–æ—Å—Ç–æ–π —É –≥–∞–∑–æ–≤–æ–π –≥–æ—Ä–µ–ª–∫–∏. –¢–µ–º–ø–µ—Ä–∞—Ç—É—Ä–∞ —Ç–æ–∂–µ –ø–æ–¥ 1000 –≥—Ä–∞–¥—É—Å–æ–≤. –ö–∞–∫, –Ω–∞—á–∞–ª –ø–ª–∞–≤–∏—Ç—å—Å—è?",2021-07-01T14:22:03Z,1
14,UgyK1Nrunc-YipjU7FN4AaABAg,Gelu122,–µ—â–µ –Ω–µ –±—ã–ª–æ,2021-07-01T10:28:15Z,0
15,UgwII78xR8ix8B6l6ld4AaABAg,–î–∂–æ–∑–µ—Ñ –î–∂–æ—Å—Ç–∞—Ä 1,@Gelu122 –¥–∞–∂–µ –µ—Å–ª–∏ –ø–∞—Å–ø–æ—Ç—Ä–∞ –Ω–µ—Ç—É?,2021-07-01T11:44:42Z,0
16,UgwII78xR8ix8B6l6ld4AaABAg,Gelu122,—Å –∫–∏–≤–∏ –º–æ–∂–Ω–æ –∫–∏–¥–∞—Ç—å –Ω–∞ —è–Ω–¥–µ–∫—Å –¥–µ–Ω—å–≥–∏ –∏ –≤–µ–±–º–æ–Ω–∏,2021-07-01T10:29:01Z,0
17,Ugycu_0mb_oHQAVHswl4AaABAg,Gelu122,"—Ç–∞–º –Ω–µ—Ç. –ü—Ä–æ —ç—Ç–æ—Ç –∫–æ—Ä–∞–±–ª—å —É–∂–µ —Å–¥–µ–ª–∞–ª –≤–∏–¥–µ–æ –ê–Ω—Ç–æ–Ω–æ–≤, –Ω–∞ –∫–∞–Ω–∞–ª –∫–æ—Ç–æ—Ä–æ–≥–æ –ø—Ä–µ–¥–ª–∞–≥–∞–µ—Ç—Å—è –ø–æ–¥–ø–∏—Å–∞—Ç—å—Å—è –≤ –Ω–∞—á–∞–ª–µ –≤–∏–¥–µ–æ",2021-07-01T10:34:15Z,0
18,Ugywc5QQGJYOsPZErSd4AaABAg,–ß–ª–µ–Ω –ö—É–ª—å—Ç–∞,@–ì–æ—Å –¢–∞–π–Ω–∞ –∏–º–µ–Ω–Ω–æ —Ç–∞–∫.,2021-07-01T21:44:27Z,0
19,Ugywc5QQGJYOsPZErSd4AaABAg,–ì–æ—Å –¢–∞–π–Ω–∞,@–ß–ª–µ–Ω –ö—É–ª—å—Ç–∞ –º—ã –∫–∞–∫ –ø—Ä–∏–º–µ—Ä))),2021-07-01T18:38:16Z,1
20,Ugywc5QQGJYOsPZErSd4AaABAg,–ß–ª–µ–Ω –ö—É–ª—å—Ç–∞,"–ù—É, —Ç–µ —Å–∞–º—ã–µ –≤–∞—Ö–∞—Ñ–∞–≥–∏ –∏ D&D—à–Ω–∏–∫–∏ —Ç—É—Ç –≤—Å—ë –∂–µ –µ—Å—Ç—å.",2021-07-01T14:09:06Z,1
21,Ugywc5QQGJYOsPZErSd4AaABAg,–ì–æ—Å –¢–∞–π–Ω–∞,–ù–µ –≤—Å–µ –Ω–æ –º–Ω–æ–≥–∏–µ,2021-07-01T09:42:30Z,1
22,Ugz4aGkQBAhsjuIhhip4AaABAg,Gelu122,–≤ –æ–ø–∏—Å–∞–Ω–∏–∏ —Å—Å—ã–ª–∫–∞,2021-06-30T18:14:52Z,1
23,Ugw6a0OPg3gvO211Itp4AaABAg,Gelu122,"@–õ–µ–æ–Ω–∏–¥ –ö–æ—Ä–æ—Ç–∫–µ–≤–∏—á –†–µ—Å–ø—É–±–ª–∏–∫–∞ —Ç–æ–∂–µ –±—ã–ª–∞ –∫–æ–Ω—Ñ–µ–¥–µ—Ä–∞—Ü–∏–µ–π. –ü—Ä–∏—Å–º–æ—Ç—Ä–∏—Å—å. –£ –∫–∞–∂–¥–æ–≥–æ –ø–ª–∞–Ω–µ—Ç–∞—Ä–Ω–æ–≥–æ –ø—Ä–∞–≤–∏—Ç–µ–ª—å—Å—Ç–≤–∞ –µ—Å—Ç—å –ø—Ä–∞–≤–æ –≤–µ—Å—Ç–∏ —Å–∞–º–æ—Å—Ç–æ—è—Ç–µ–ª—å–Ω—É—é –Ω–µ–∑–∞–≤–∏—Å–∏–º—É—é –≤–Ω–µ—à–Ω—é—é –∏ –≤–Ω—É—Ç—Ä–µ–Ω–Ω—é—é –ø–æ–ª–∏—Ç–∏–∫—É –±–µ–∑ –æ–≥–ª—è–¥–∫–∏ –Ω–∞ —Ü–µ–Ω—Ç—Ä. –ï—Å—Ç—å –ø—Ä–∞–≤–æ –ø—Ä–∏–Ω–∏–º–∞—Ç—å —Å–æ–±—Å—Ç–≤–µ–Ω–Ω—ã–µ –∑–∞–∫–æ–Ω—ã, –∫–æ—Ç–æ—Ä—ã–µ –≤—ã—à–µ –æ–±—â–µ—Ä–µ—Å–ø—É–±–ª–∏–∫–∞–Ω—Å–∫–∏—Ö. –°–µ–Ω–∞—Ç –Ω–µ –∏–º–µ–µ—Ç –ø—Ä–∞–≤–∞ –ª–µ–∑—Ç—å –≤ –∫—É–ª—å—Ç—É—Ä–Ω—ã–µ –∏ —Ä–µ–ª–∏–≥–∏–æ–∑–Ω—ã–µ –∑–∞–º–æ—Ä–æ—á–∫–∏ –æ—Ç–¥–µ–ª—å–Ω—ã—Ö –ø—Ä–∞–≤–∏—Ç–µ–ª—å—Å—Ç–≤. –ò —Ç–∞–∫ –¥–∞–ª–µ–µ.",2021-07-01T08:39:15Z,0
24,Ugw6a0OPg3gvO211Itp4AaABAg,–õ–µ–æ–Ω–∏–¥ –ö–æ—Ä–æ—Ç–∫–µ–≤–∏—á,"@Gelu122 –Ω–µ—Ç, –†–µ—Å–ø—É–±–ª–∏–∫–∞ –±—ã–ª–∞ —Ñ–µ–¥–µ—Ä–∞—Ç–∏–≤–Ω–æ–π, –∫–æ–Ω—Ñ–µ–¥–µ—Ä–∞—Ü–∏–µ–π –±—ã–ª–∏, –∫–∞–∫ —Ä–∞–∑ —Ç–∞–∫–∏, –ö–ù–° - –∫–æ–Ω—Ñ–µ–¥–µ—Ä–∞—Ü–∏—è –Ω–µ–∑–∞–≤–∏—Å–∏–º—ã—Ö —Å–∏—Å—Ç–µ–º.",2021-07-01T06:06:49Z,0
25,Ugw6a0OPg3gvO211Itp4AaABAg,Gelu122,"–≤ —Ç–æ–º-—Ç–æ –∏ –¥–µ–ª–æ, —á—Ç–æ —Ñ–æ—Ä–º–∞–ª—å–Ω–æ –ì–∞–ª–∞–∫—Ç–∏—á–µ—Å–∫–∞—è –†–µ—Å–ø—É–±–ª–∏–∫–∞ —ç—Ç–æ –∫–æ–Ω—Ñ–µ–¥–µ—Ä–∞—Ü–∏—è, –Ω–æ –≤—ã—Ö–æ–¥–∏—Ç—å –Ω–∏–∫–æ–º—É –Ω–µ –¥–∞—é—Ç",2021-06-30T17:51:03Z,1
26,UgzViaiqexBtpTVMfjB4AaABAg,tarickonelove oneclick,[–°–ê–†–ö–ê–ó–ú],2021-06-30T17:48:08Z,0
27,UgyUji4-m4jyIKroteJ4AaABAg,–î–º–∏—Ç—Ä–∏–π –ë.,"–í –í–ö –¥–ª—è —ç—Ç–æ–≥–æ –∏—Å–ø–æ–ª—å–∑–æ–≤–∞–ª–∏—Å—å –∑–∞–≥–æ–Ω—è–µ–º—ã–µ –≤ –∞—Ç–º–æ—Å—Ñ–µ—Ä—É –ê–∫–ª–∞–º–∞—Ç–æ—Ä—ã, –æ–Ω–∏ –≤–æ–∑–∏–ª–∏ –∏ –î–∂–∞–≥–≥–µ—Ä–Ω–∞—É—Ç—ã –∏ –ê–¢-–ê–¢,  –∞ –∏–∑ –∞–Ω–≥–∞—Ä–æ–≤ –ò–ó–† –¥—Ä–æ–ø–∞–ª–∏ –î–∂–∞–≥–≥–µ—Ä–Ω–∞—É—Ç—ã –∏ –ê–¢-–ê–¢ –ø—Ä–∏ –ø–æ–º–æ—â–∏ –ê–¢ –±–∞—Ä–∂ ( –æ–Ω–∏ —Ç–∞–∫ –∏ –Ω–∞–∑—ã–≤–∞–ª–∏—Å—å) —á—Ç–æ —Ç–æ —Ç–∏–ø–∞ –¥–µ—Å–∞–Ω—Ç–Ω–æ–≥–æ –∫–æ–≤—á–µ–≥–∞ –¢–∏—Ç–∞–Ω–∏–∫—É—Å –í–∞—Ö–∏, –ø—Ä–∏–ª–µ—Ç–µ–ª–∞ –æ–≥—Ä–æ–º–Ω–∞—è –∫–æ—Ä–æ–±–∫–∞ –∏ —Ä–∞–∑–ª–æ–∂–∏–ª–∞—Å—å –∞–ø–ø–∞—Ä–µ–ª—è–º–∏ –ø–æ—Å—Ä–µ–¥–∏ –ø–æ–ª—è –≤—ã–ø—É—Å–∫–∞—è –∫—Ä—É–ø–Ω—è–∫, –Ω–æ –º–∏–Ω—É—Å –æ–Ω–∞ –±—ã–ª–∞ —É—è–∑–≤–∏–º–∞ –µ—Å–ª–∏ –ø—Ä–æ—Ç–∏–≤–Ω–∏–∫ –∏–º–µ–ª –ü–í–û –∏–ª–∏ –±–∞–Ω–∞–ª—å–Ω–æ –Ω–µ –±—ã–ª–æ –º–µ—Å—Ç–∞ –¥–ª—è –ø–æ—Å–∞–¥–∫–∏)",2021-06-30T18:00:46Z,0
28,Ugw4ZnnEDMKenaOZFdV4AaABAg,–º–µ–Ω—è –∑–æ–≤—É—Ç,–ù–µ –Ω—É —Å–µ—Ä—å–µ–∑–Ω–æ –ø–æ—Å–ª–µ 3 —á–∞—Å–æ–≤–æ–≥–æ –≤–∏–¥–µ–æ —ç—Ç–æ—Ç –Ω–µ –∂—É—è –≥–ª–æ—Ç–∞–µ—à,2021-06-30T17:48:03Z,1
29,UgwGqQR7qxoOC6ICAHd4AaABAg,–î–º–∏—Ç—Ä–∏–π –ë.,–ù—É –∫—Ä–µ–π—Å–µ—Ä –∂–µ –õ—ë–≥–∫–∏–π),2021-06-30T17:41:11Z,1
30,UgwyXgyhqzaoOKyyI6Z4AaABAg,Hottoite,–í —ç—Ç–æ—Ç –º–æ–º–µ–Ω—Ç —è —Ö–æ—á—É –Ω–∞–∑–≤–∞—Ç—å —Ç–∞–Ω–∫–∏—Å—Ç–∞ —Ä–∞—Å—Ö–∏—Ç–∏—Ç–µ–ª–µ–º –Ω–æ ü•û üëÖ –Ω–µ –ø–æ–≤–æ—Ä–∞—á–∏–≤–∞–µ—Ç—Å—è,2021-06-30T17:38:44Z,0
31,UgwydUur8rFbgKqSjGt4AaABAg,Gelu122,–≥–ª–∞–≤–Ω–∞—è —Ç–µ–º–∞ –∏–∑ Metal Gear Solid,2021-06-30T17:42:50Z,0
32,UgyUTGZ5Zlh9g7jo1NF4AaABAg,–î–º–∏—Ç—Ä–∏–π –ë.,"–≠—Ç–æ–≥–æ –Ω–∏–∫—Ç–æ –Ω–µ –∑–Ω–∞–µ—Ç, —Ö–æ—Ç—è –≤–æ–∑–º–æ–∂–Ω–æ —Ç—É–¥–∞ –ø–æ—Å—ã–ª–∞–ª–∏ –°–ø–µ–π—Å —Ç—Ä—É–ø–µ—Ä–æ–≤ –∏—Ö –∑–∞—á–∏—â–∞—Ç—å))) –ñ–∞–ª—å –æ–± —ç—Ç–æ–º –Ω–∏—á–µ–≥–æ –≤ –∫–∞–Ω–æ–Ω–µ –ó–í –Ω–µ—Ç –±—ã–ª–æ –±—ã –ø—Ä–∏–∫–æ–ª—å–Ω–æ –º—É–∂–∏–∫–∏ –≤ —Å–∏–ª–æ–≤–æ–π –±—Ä–æ–Ω–µ —É–≤–µ—à–∞–Ω–Ω—ã–µ —Ç–æ—Ä–ø–µ–¥–∞–º–∏ –∏ –≥—Ä–∞–Ω–∞—Ç–∞–º–∏ –∏–∑–≥–æ–Ω—è—é—Ç —à–ª–µ–º–∞–∑—ã—Ö –∏–∑ —Ç–∞–∫–æ–π —Ç—é—Ä—è–≥–∏)",2021-06-30T19:16:14Z,1
33,UgyfLdYmYWn0YNKpbI94AaABAg,–ê—Ä—Ç—ë–º –ì–∞–π–¥–∞—Ä–æ–≤,"@Gelu122 —Ö–º, –∞ –≤–æ—Ç –ø–æ –Ω–∏–º —è —Ç–æ—á–Ω–æ –ø–æ–º–Ω—é, —á—Ç–æ –ø–æ—è–≤–∏–ª–∏—Å—å –ø–∞—Ä–æ–π –º–µ—Å—è—Ü–µ–≤ –ø–æ–∑–∂–µ. –ü—Ä–∏–¥—ë—Ç—Å—è –ø–æ–¥–Ω–∏–º–∞—Ç—å –∏—Å—Ç–æ—á–Ω–∏–∫–∏ (–∫–∞–∫ –∂–µ —è –Ω–µ –ª—é–±–ª—é –∞–Ω–≥–ª–∏–π—Å–∫–∏–π...)",2021-07-01T06:11:06Z,0
34,UgyfLdYmYWn0YNKpbI94AaABAg,Gelu122,@–ê—Ä—Ç—ë–º –ì–∞–π–¥–∞—Ä–æ–≤ –í–µ–Ω–∞—Ç–æ—Ä –µ—â–µ –¥–æ –≤–æ–π–Ω—ã. –ö–∞–∫ –∏ –ê–∫–∫–ª–∞–º–∞—Ç–æ—Ä,2021-06-30T17:53:23Z,1
35,UgyfLdYmYWn0YNKpbI94AaABAg,–ê—Ä—Ç—ë–º –ì–∞–π–¥–∞—Ä–æ–≤,"@Gelu122 —Ö–º, –∞ –≤–µ–Ω–∞—Ç–æ—Ä –∫–æ–≥–¥–∞ –ø–æ—è–≤–∏–ª—Å—è?",2021-06-30T17:45:58Z,1
36,UgyfLdYmYWn0YNKpbI94AaABAg,Gelu122,"–ö–∞—Ä–∞–∫–∞ –±—ã–ª–∞ –µ—â–µ –¥–æ, –∞ –ü–æ–±–µ–¥–∞ –≤ —Å–µ—Ä–µ–¥–∏–Ω–µ –≤–æ–π–Ω—ã –ø–æ—è–≤–∏–ª–∞—Å—å",2021-06-30T17:43:25Z,2
37,UgypwQr-H0rOizsaePh4AaABAg,–î–º–∏—Ç—Ä–∏–π –ë.,"@Temirzhan Tishtibayev –µ—Å—Ç–µ—Å—Ç–≤–µ–Ω–Ω–æ, —Ç–æ–≥–¥–∞ —á—Ç–æ —Ç–æ —Å–∏–ª—å–Ω–æ –≥–∏–≥–∞–Ω—Ç—Å–∫–æ–µ –Ω–µ —Å—Ç—Ä–æ–∏–ª–∏ –º–∞—Å—Å–æ–≤–æ.",2021-06-30T18:38:47Z,0
38,UgypwQr-H0rOizsaePh4AaABAg,Temirzhan Tishtibayev,@–î–º–∏—Ç—Ä–∏–π –ë. –ù—É —Ç–∞–∫–∏—Ö –∫–æ—Ä–∞–±–ª–µ–π —É —Ä–µ—Å–ø—É–±–ª–∏–∫–∏ –∫–∞–∫ —è –ø–æ–Ω—è–ª –±—ã–ª–æ –±–æ–ª—å—à–µ –∞ –≤–æ—Ç –±–æ–ª—å—à–∏—Ö –±—ã–ª–æ –º–µ–Ω—å—à–µ,2021-06-30T18:35:54Z,1
39,UgypwQr-H0rOizsaePh4AaABAg,–î–º–∏—Ç—Ä–∏–π –ë.,"@Temirzhan Tishtibayev 350 –º–µ—Ç—Ä–æ–≤ –ú–æ–ª–æ—Ç–æ–≥–ª–∞–≤—ã ( –Ω–µ —Å–∏–ª—å–Ω–æ –±–æ–ª—å—à–∏–µ –∫—Ä—á) –ü—Ä–µ—Ç–æ—Ä–∏–∞–Ω—Ü—ã ( –µ–≥–æ –ø—Ä–µ–¥–∫–∏) –µ—â—ë –º–µ–Ω—å—à–µ 150 –º–µ—Ç—Ä–æ–≤,–Ω–æ —Å—Ç–æ–∏—Ç –∑–∞–º–µ—Ç–∏—Ç—å –≤ –ø–µ—Ä–∏–æ–¥ –°–∏—Ç—Å–∫–∏—Ö –í–æ–π–Ω —É –†–µ—Å–ø—É–±–ª–∏–∫–∏ –±—ã–ª–∏ 3—Ö –∫–∏–ª–æ–º–µ—Ç—Ä–æ–≤—ã–µ –ª–∏–Ω–∫–æ—Ä—ã ( –∫–∞–∫ –§–ª–∞–≥–º–∞–Ω –£–ª–∏–∫–∞ –ö–µ–ª—å –î—Ä–æ–º–∞ –û–ø–æ—Ä–∞-1) –ê –ø–æ—Ç–æ–º –±—ã–ª–∏ –∫–∏–ª–æ–º–µ—Ç—Ä–æ–≤—ã–µ –¶–µ–Ω—Ç—É—Ä–∏–æ–Ω—ã —Ç–∞–∫–∏–µ –∫–∞–∫ –†–∞–∑–æ—Ä–∏—Ç–µ–ª—å –ù–∏—Ö–∏–ª—É—Å–∞ –∫–æ—Ç–æ—Ä—ã–π –±—ã–≤—à–∏–π –†–µ—Å–ø—É–±–ª–∏–∫–∞–Ω—Å–∫–∏–π –∫–æ—Ä–∞–±–ª—å.",2021-06-30T18:26:35Z,0
40,UgypwQr-H0rOizsaePh4AaABAg,Temirzhan Tishtibayev,@–î–º–∏—Ç—Ä–∏–π –ë. –ú–¥–∞ —Ö–æ—Ç—è –∫—Ç–æ –∑–Ω–∞–µ—Ç –∫–∞–∫–æ–≥–æ —Ä–∞–∑–º–µ—Ä–∞ –±—ã–ª–∏ —ç—Ç–∏ –∫–æ—Ä–∞–±–ª–∏,2021-06-30T18:11:10Z,1
41,UgypwQr-H0rOizsaePh4AaABAg,–î–º–∏—Ç—Ä–∏–π –ë.,"–¢–æ—á–Ω–æ –Ω–µ –∑–Ω–∞—é –Ω–æ –≤ –ö–æ—Ç–æ—Ä–µ –≥–æ–≤–æ—Ä–∏—Ç—å—Å—è —á—Ç–æ –¥–∞–∂–µ –Ω–∞ –ª–æ–∫–∞–ª—å–Ω—É—é –≤–æ–π–Ω—É –≤ –ø—Ä–µ–¥–µ–ª–∞—Ö —Å–µ–∫—Ç–æ—Ä–∞ –ø–æ—Å—ã–ª–∞–ª–∏ –¥–æ 12 —Ñ–ª–∞–≥–æ–≤, —á—Ç–æ –≥–æ–≤–æ—Ä–∏—Ç –æ —Ç–æ–º —á—Ç–æ –∫–æ—Ä–∞–±–ª–µ–π —É –°—Ç–∞—Ä–æ–π –†–µ—Å–ø—É–±–ª–∏–∫–∏ –±—ã–ª–æ –æ—á–µ–Ω—å –¥–æ—Ö—Ä–µ–Ω–∞ –Ω–∞–≤–µ—Ä–Ω–æ–µ –¥–∞–∂–µ –ø–æ–¥ —Ç—Ä–∏–ª–ª–∏–æ–Ω ( –≤–µ–¥—å –ù–µ—É–¥–∏–≤–∏—Ç–µ–ª—å–Ω–æ —á—Ç–æ –Ω–µ–∫–æ—Ç–æ—Ä—ã–µ –ú–æ–ª–æ—Ç–æ–≥–ª–∞–≤—ã –¥–æ–∂–∏–ª–∏ –¥–æ –ø–µ—Ä–∏–æ–¥–∞ —Ñ–∏–ª—å–º–æ–≤)",2021-06-30T17:50:28Z,0
42,UgykPl8mbRkVSLtL90d4AaABAg,–î–º–∏—Ç—Ä–∏–π –ë.,–¢–∞–º –±—ã –∏—Å—Ç—Ä–µ–±–∏—Ç–µ–ª–µ–π —Ö–≤–∞—Ç–∏–ª–æ) –û—Å–æ–±–µ–Ω–Ω–æ —É—á–∏—Ç—ã–≤–∞—è —á—Ç–æ –ú–°-85 —É–∂–µ –ø–æ—á—Ç–∏ —Å–ª–∏–ª–∏),2021-06-30T18:39:31Z,0
43,UgyuGIoN77ocipw-jg94AaABAg,–î–º–∏—Ç—Ä–∏–π –ë.,@Gelu122 —Ç–∞–∫ –∏ –µ—Å—Ç—å),2021-06-30T17:47:48Z,1
44,UgyuGIoN77ocipw-jg94AaABAg,Gelu122,–∫–∞–∂–µ—Ç—Å—è —Ç–∞–∫–∏–º–∏ —Å–ª–æ–≤–∞–º–∏ –Ω–∞—á–∏–Ω–∞—é—Ç—Å—è –≤—Å–µ —Ä–æ–ª–∏–∫–∏ –Ω–∞ –∫–∞–Ω–∞–ª–µ –ö—É–ª—å—Ç –ï—Ä–µ—Å–∏ :),2021-06-30T17:44:08Z,2
45,UgzpcOD9K9-SBO_GAoB4AaABAg,–î–º–∏—Ç—Ä–∏–π –ë.,–û–≥–Ω–µ–Ω–Ω—É—é –ø—Ä–∏–∑–º—É –¢–∞–Ω–∫–∏—Å—Ç–∞ –µ—â—ë –Ω–∞–¥–æ –¥–æ–≥–Ω–∞—Ç—å –¥–ª—è —ç—Ç–æ–≥–æ))),2021-06-30T17:40:34Z,1
46,Ugx7XtXkjIc5yiH0rkN4AaABAg,–î–º–∏—Ç—Ä–∏–π –ë.,–ë—ã–ª–æ –±—ã –∏–Ω—Ç–µ—Ä–µ—Å–Ω–æ –Ω–æ –∏—Ö —É–∂ –±–æ–ª—å–Ω–æ –¥–æ—Ñ–∏–≥–∞),2021-06-30T17:37:02Z,1
47,UgzyYV3wZVKidGw-hCB4AaABAg,–î–º–∏—Ç—Ä–∏–π –ë.,–ü–æ—Ç–æ–º—É —á—Ç–æ –º–µ—Å—Ç–∞ –¥–ª—è –∂—Ä–∞—á–∫–∏ –∏ –≤–æ–¥—ã –¥–ª—è 100-150 —á–µ–ª–æ–≤–µ–∫ –º–∞–ª–æ),2021-06-30T17:43:22Z,0
48,UgwDEomFQmHI63mgXH14AaABAg,Neil Dixson,"@–ß–ª–µ–Ω –ö—É–ª—å—Ç–∞ –¥—É–º–∞—é, —á—Ç–æ –≤ —Ä–æ–ª–∏–∫–µ –ø—Ä–æ –¢–∞–ª–æ–Ω –∑–∞–¥—Ä*—á–∏–≤–∞—Ç—å –±—É–¥—É—Ç –Ω–µ –Ω–∞ –∏–≥—Ä–æ–≤—ã–µ –∫–æ–¥–µ–∫—Å—ã, –∞ –Ω–∞ —Å–∞–º—É –¢–∞–ª–æ–Ω.",2021-07-01T14:32:50Z,0
49,UgwDEomFQmHI63mgXH14AaABAg,Neil Dixson,@–ß–ª–µ–Ω –ö—É–ª—å—Ç–∞ —Å–æ–≥–ª–∞—Å–µ–Ω. –ù–∞–¥–æ –ø–æ–∂–∞–ª–µ—Ç—å –º–æ–ª–æ–¥–æ–µ –ø–æ–∫–æ–ª–µ–Ω–∏–µ. 20 —á–∞—Å–∏–∫–æ–≤ —Ö–≤–∞—Ç–∏—Ç.,2021-07-01T14:29:31Z,0
50,UgwDEomFQmHI63mgXH14AaABAg,–ß–ª–µ–Ω –ö—É–ª—å—Ç–∞,"@Neil Dixson –Ω–µ, –æ—á–µ–Ω—å –¥–∞–∂–µ –∏–Ω—Ç–µ—Ä–µ—Å—É–µ—Ç. –¢–æ–ª—å–∫–æ –µ—Å–ª–∏ —Ä–∞–∑–±–∏—Ä–∞—Ç—å –∏ –∏—Ö, —Ç–æ —Ä–æ–ª–∏–∫ —Ä–∞—Å—Ç—è–Ω–µ—Ç—Å—è –Ω–∞ –Ω–µ—Å–∫–æ–ª—å–∫–æ —Å—É—Ç–æ–∫. –ê –Ω–µ–∫–æ—Ç–æ—Ä—ã–µ –ª—é–¥–∏ –Ω–µ –æ–±–ª–∞–¥–∞—é—Ç –æ–ø—ã—Ç–æ–º –∑–∞–¥—Ä*—á–∏–≤–∞–Ω–∏—è –∏–≥—Ä–æ–≤—ã—Ö –∫–æ–¥–µ–∫—Å–æ–≤ –ø–æ 7 –¥–Ω–µ–π –≤ –Ω–µ–¥–µ–ª—é —Å –ø–µ—Ä–µ—Ä—ã–≤–∞–º–∏ –Ω–∞ —É—á—ë–±—É, —á–∞–π –∏ –º–∞—Ç. –ü–æ—â–∞–¥–∏–º –∏—Ö, –Ω–µ –±—É–¥–µ–º —Ç–∞–∫–∏–º–∏ –∂–µ—Å—Ç–æ–∫–∏–º–∏, —Ä–æ–ª–∏–∫ –Ω—É–∂–µ–Ω –≤—Å–µ–≥–æ –Ω–∞ 10-15 —á–∞—Å–æ–≤. –ú—ã –∂–µ –Ω–µ –∑–≤–µ—Ä–∏.",2021-07-01T14:12:30Z,0
51,UgwDEomFQmHI63mgXH14AaABAg,Neil Dixson,"–ê, —Ç–æ –µ—Å—Ç—å —É—Å—Ç—Ä–æ–π—Å—Ç–≤–æ –µ—ë –ª–∞—Ç–µ–∫—Å–Ω–æ-–∫–æ—Ä—Ç–æ–∑–∏—Å–Ω—ã—Ö –≥–µ—Ç—Ä –≤–∞—Å –Ω–µ –∏–Ω—Ç–µ—Ä–µ—Å—É–µ—Ç? –ù–µ –æ–¥–∏–Ω –º—É–∂—á–∏–Ω–∞ –ø–∞–ª –≤–æ –≤—Ä–µ–º—è —Ç—â–µ—Ç–Ω—ã—Ö –ø–æ–ø—ã—Ç–æ–∫ —Å–Ω—è—Ç—å —Ö–æ—Ç—è –±—ã –æ–¥–∏–Ω –∏–∑ –Ω–∏—Ö, –Ω–µ –≥–æ–≤–æ—Ä—è —É–∂ –æ –¥–≤—É—Ö —Å—Ä–∞–∑—É. –ü—Ä–æ —é–±–∫—É —Å –≤—Å—Ç–∞–≤–∫–∞–º–∏ –∏–∑ —Ñ—Ä–∏–∫–∞ —è –≤–æ–æ–±—â–µ –º–æ–ª—á—É...",2021-07-01T13:49:23Z,0
52,UgwDEomFQmHI63mgXH14AaABAg,–¢–∞—Ç–∞—Ä–∏–Ω—Ü–µ–≤ –í—è—á–µ—Å–ª–∞–≤,–î–∞–∂–µ –†–µ–≤–∞–Ω –ø–æ–¥–¥–µ—Ä–∂–∏–≤–∞–µ—Ç —ç—Ç—É –∏–¥–µ—é)),2021-06-30T22:56:24Z,5
53,UgwT2lfcbxctQe4mJzV4AaABAg,Gelu122,–í–æ—Ç —Å—Å—ã–ª–∫–∞ - https://www.youtube.com/channel/UC63BRT83od-WXrhbdB1PnoQ,2021-06-30T17:48:15Z,0
54,Ugxv-Sim9LfqwrKAt_p4AaABAg,–î–º–∏—Ç—Ä–∏–π –ë.,@_crossowok_ –Ω–æ —á—Ç–æ —Ç–æ –ø–æ –ö—Ä–∏–≥—É –∏ —è –±—ã –≥–ª—è–Ω—É–ª –Ω–∞–ø—Ä–∏–º–µ—Ä –ú–∞—Ö–∞—Ä–∏–π),2021-06-30T18:44:50Z,0
55,Ugxv-Sim9LfqwrKAt_p4AaABAg,_crossowok_,@–î–º–∏—Ç—Ä–∏–π –ë. –ø–æ–Ω—è—Ç–Ω–æ,2021-06-30T18:40:00Z,1
56,Ugxv-Sim9LfqwrKAt_p4AaABAg,–î–º–∏—Ç—Ä–∏–π –ë.,@_crossowok_ —Ç–∞–º –±—É–¥–µ—Ç –Ω–µ 3 –∞ 30 —á–∞—Å–æ–≤ –≤ —Ç–æ–º —Ç–æ –∏ –¥–µ–ª–æ))),2021-06-30T18:33:25Z,0
57,Ugxv-Sim9LfqwrKAt_p4AaABAg,_crossowok_,@–î–º–∏—Ç—Ä–∏–π –ë. –∞ –º—ã –Ω–µ –±–æ–∏–º—Å—è 3 —á–∞—Å–æ–≤—ã—Ö –≤–∏–¥–µ–æ,2021-06-30T18:30:56Z,0
58,Ugxv-Sim9LfqwrKAt_p4AaABAg,–î–º–∏—Ç—Ä–∏–π –ë.,–ü—Ä–æ –≤—Å—ë —Å–ª–∏—à–∫–æ–º –º–Ω–æ–≥–æ) –°–ø–∞—Å–∏–±–æ –í—Ä–∞–∫—Å—É –ö—Ä–∏–≥–æ–≤—Ü—ã –æ—á–µ–Ω—å –ø—Ä–æ—Ä–∞–±–æ—Ç–∞–Ω–Ω—ã–µ —Ä–µ–±—è—Ç–∞),2021-06-30T18:06:29Z,0
59,UgwLZNfSvb4V5PhEthh4AaABAg,–ú–∏—Ä–∞—Å –ù–µ—Å–∏–ø–±–µ–∫,–ò –∫—Å—Ç–∞—Ç–∏ –ø—Ä–∏–≤–µ—Ç,2021-07-01T12:22:42Z,1
60,UgwLZNfSvb4V5PhEthh4AaABAg,–ú–∏—Ä–∞—Å –ù–µ—Å–∏–ø–±–µ–∫,–û–Ω–∏ —Å—Ç–æ–ø—É–¥–æ–≤–æ –µ—Å—Ç—å,2021-07-01T12:22:33Z,1
61,UgzlWePRc6BLCbNvy2V4AaABAg,–î–º–∏—Ç—Ä–∏–π –ë.,–ê–¥–º–∏—Ä–∞–ª –ù–∏–∏–¥–∞ –Ω–∞ –ö–∞—Ä–∞–∫–µ –∫–∞—á–µ—Å—Ç–≤–µ–Ω–Ω–æ –∑–∞–ª–æ–º–∞–ª –ù–µ–∑—Ä–∏–º—É—é –î–ª–∞–Ω—å –ì—Ä–∏–≤—É—Å–∞... –£ –Ω–µ–≥–æ –±—ã–ª–∏ —Å—Ç–∞–ª—å–Ω—ã–µ —è–π—Ü–∞ –∏ —Ö–æ—Ä–æ—à–∏–π —Ñ—Ä–µ–≥–∞—Ç),2021-06-30T18:35:56Z,1
62,Ugwh_bs_Y59RDKbJOxp4AaABAg,Qwerty Koper,"–ú–∞–ª–æ, –Ω—É–∂–µ–Ω –º–µ—Å—è—á–Ω—ã–π, –Ω—É –∏–ª–∏ —Ö–æ—Ç—è –±—ã –Ω–µ–¥–µ–ª—å–Ω—ã–π",2021-07-01T19:59:45Z,0
63,Ugwh_bs_Y59RDKbJOxp4AaABAg,Maybe Vinyl,"5 —á–∞—Å–æ–≤ —É–∂–µ –±—ã–ª–æ, –¥–∞–≤–∞–π –Ω–∞ 7",2021-07-01T09:20:52Z,0
64,Ugwh_bs_Y59RDKbJOxp4AaABAg,–°–≤—è—Ç–æ—Å–ª–∞–≤ –î–æ–Ω—Ü—É–ª,"@–Ü–≤–∞–Ω –¢–∞—Ä–∞—Å–µ–Ω–∫–æ –í–æ –ø–µ—Ä–≤—ã—Ö: —ç—Ç–æ –ø—Ä–æ—Å—Ç–æ —à—É—Ç–∫–∞. –í–æ –≤—Ç–æ—Ä—ã—Ö: —è –ø–∏—Å–∞–ª —ç—Ç–æ—Ç –∫–æ–º–º–µ–Ω—Ç –ø–æ–¥ –ø—Ä–µ–¥—ã–¥—É—â–µ–º –≤–∏–¥–µ–æ. –ü—Ä–æ—Å—Ç–æ –∫ —Å–≤–µ–¥–µ–Ω–∏—é. –ò –≤—Ç—Ä–µ—Ç—å–∏—Ö: —è –Ω–∞—Å—Ç–æ—è—Ç–µ–ª—å–Ω–æ –ø–æ—Ä–µ–∫–æ–º–µ–Ω–¥–æ–≤–∞–ª –±—ã —Ç–µ–±–µ, –≤—ã—É—á–∏—Ç—å, –µ—Å–ª–∏ –Ω–µ –æ–±–∞, —Ç–æ —Ö–æ—Ç—è–±—ã –æ–¥–∏–Ω —è–∑—ã–∫ - —Ä—É—Å—Å–∫–∏–π –∏–ª–∏ —É–∫—Ä–∞–∏–Ω—Å–∫–∏–π. –ú–Ω–µ –±–æ–ª—å–Ω–æ —Å–º–æ—Ç—Ä–µ—Ç—å, –∫–æ–≥–¥–∞ –∫—Ç–æ-—Ç–æ –ø–∏—à–µ—Ç –Ω–∞ —Å—É—Ä–∂–∏–∫–µ, –¥–∞ –∫ —Ç–æ–º—É –∂–µ —Å —Ç–æ–Ω–Ω–æ–π –≥—Ä–∞–º–º–∞—Ç–∏—á–µ—Å–∫–∏—Ö –æ—à–∏–±–æ–∫.",2021-06-30T21:43:37Z,0
65,Ugwh_bs_Y59RDKbJOxp4AaABAg,Mr. Komisar,"@–ö–æ–º–∏—Å—Å–∞—Ä –¥–æ–≤–æ–ª—å–Ω–æ –æ–±–∏–¥–Ω–æ —Å–ª—ã—à–∞—Ç—å –∫–∞–∫ —Ç–µ–±—è –Ω–∞–∑—ã–≤–∞—é—Ç –∞—Ä–º–∞–≥–µ–¥–¥–æ–Ω—Ü–µ–º –æ—Å–æ–±–µ–Ω–Ω–æ –∫–æ–≥–¥–∞ —Ç—ã —Å–∞–º –∫—Ä–∏–≥–æ–≤–µ—Ü.–í–æ–∑–º–æ–∂–Ω–æ –≤—ã –Ω–µ –∑–∞–º–µ—Ç–∏–ª–∏ –º–æ–π —à–µ–≤—Ä–æ–Ω 22 –≥—Ä–µ–Ω–∞–¥—ë—Ä—Å–∫–æ–≥–æ –ø–æ–ª–∫–∞? –ß—Ç–æ–∂ —ç—Ç–æ –ø—Ä–æ—Å—Ç–∏—Ç–µ–ª—å–Ω–æ, –≤–∏–¥–Ω–æ —á—Ç–æ –≤—ã –Ω–µ –¥–∞–≤–Ω–æ –ø–æ–ª—É—á–∏–ª–∏ —Å–≤–æ–µ –Ω–∞–∑–Ω–∞—á–µ–Ω–∏–µ –≤ –ø–æ–ª–∫ –ö—Ä–∏–≥–∞ –∏ –µ—â–µ –Ω–µ –æ—Å–≤–æ–∏–ª–∏—Å—å —Å–¥–µ—Å—å. –ü—Ä–æ—Å—Ç–æ —è  –Ω–∞—Å–ª—ã—à–∞–Ω –æ –º–µ—Ç–æ–¥–∞—Ö –¥—Ä—É–≥–∏—Ö –∫–æ–º–∏—Å—Å–∞—Ä–æ–≤ –≤ —á–∞—Å—Ç–Ω–æ—Å—Ç–∏ –æ –ª—é–±–≤–∏ –∫ —Ä–æ–∑—Å—Ç—Ä–µ–ª–∞–º –ø–æ–¥—á–∏–Ω—ë–Ω—ã—Ö –¥–ª—è –ø–æ–¥–Ω—è—Ç–∏—è –±–æ–µ–≤–æ–≥–æ –¥—É—Ö–∞ (–Ω–∏–∫–æ–≥–¥–∞ –Ω–µ –º–æ–≥ –ø–æ–Ω—è—Ç—å –∫–∞–∫ —ç—Ç–æ –º–æ–∂–µ—Ç –ø–æ–¥—ã–º–∞—Ç—å –±–æ–µ–≤–æ–π –¥—É—Ö —Å–æ–ª–¥–∞—Ç) –¥–∞ –∏ –∑–∞—á–µ–º –≤–µ–¥—å —Å—Ä–∞–∂–∞—Ç—å—Å—è –∑–∞ –ò–º–ø–µ—Ä–∞—Ç–æ—Ä–∞ —ç—Ç–æ —á–µ—Å—Ç—å –∏ —ç—Ç–∏–º –Ω—É–∂–Ω–æ –≥–æ—Ä–¥–∏—Ç—å—Å—è –∞ –Ω–µ –±–æ—è—Ç—å—Å—è. –ú–æ–µ–º—É –∂–µ –≥—Ä–∏–Ω–æ–¥—ë—Ä—Å–∫–æ–º—É —à—Ç—É—Ä–º–æ–≤–æ–º—É –ø–æ–ª–∫—É –ø–æ–¥–Ω—è—Ç–∏–µ –±–æ–µ–≤–æ–≥–æ –¥—É—Ö–∞ –Ω–µ —Ç—Ä–µ–±—É–µ—Ç—Å—è, —è –≤—Å–µ–≥–¥–∞ –≤–µ–¥—É –∏—Ö –≤ –±–æ–π –ª–∏—á–Ω–æ.",2021-06-30T20:29:10Z,0
66,Ugwh_bs_Y59RDKbJOxp4AaABAg,–ö–æ–º–∏—Å—Å–∞—Ä,"@Mr. Komisar –∞ —É –º–µ–Ω—è –¥—Ä—É–≥–∏–µ –º–µ—Ç–æ–¥—ã. –≠—Ç–æ —É –≤–∞—Å, –Ω–∞ –ê—Ä–º–∞–≥–µ–¥–¥–æ–Ω–µ –ø—Ä–∏–Ω—è—Ç–æ —Å–æ–ª–¥–∞—Ç –≤ —Ä–∞—Å—Ö–æ–¥ –ø—É—Å–∫–∞—Ç—å, –∞ —É –Ω–∞—Å, –Ω–∞ –ö—Ä–∏–≥–µ  , —Ç–∞–∫ –Ω–µ –ø—Ä–∏–Ω—è—Ç–æ. –£ –Ω–∞—Å –≤ –æ—Ç–ª–∏—á–∏–µ –æ—Ç –≤–∞—Å, –ø—Ä–æ—Ü–µ–Ω—Ç –¥–µ–∑–µ—Ä—Ç–∏—Ä—Å—Ç–≤–∞ –ø–æ—á—Ç–∏ –Ω—É–ª–µ–≤–æ–π. –¢–∞–∫ —á—Ç–æ –∑–∞–≤–∏–¥—É–π—Ç–µ –º–æ–ª—á–∞, —Ç–æ–≤–∞—Ä–∏—â.",2021-06-30T19:51:27Z,0
67,UgyLuvmFUaB8biHR05h4AaABAg,Darth Revan,1 —á–∞—Å—Ç—å –∏–∑ 5,2021-06-30T17:27:48Z,1
68,UgxvyuORcTP21lb2sJl4AaABAg,–°–º–∏—Ä–Ω–æ–≤ –î–µ–Ω–∏—Å,"–ö–∞–∫–æ–π –æ–∫—Å—é–º–æ—Ä–æ–Ω? –õ—ë–≥–∫–∏–º –∫—Ä–µ–π—Å–µ—Ä –¥–µ–ª–∞–µ—Ç –∫–∞–ª–∏–±—Ä –µ–≥–æ –æ—Ä—É–¥–∏–π, –∞ –Ω–µ —Å—É–º–º–∞—Ä–Ω–∞—è –º–∞—Å—Å–∞ –∏–ª–∏ —Å–∫–æ—Ä–æ—Å—Ç—å.",2021-06-30T18:48:37Z,0
69,UgyT1GutfLg7J5bdlTB4AaABAg,–î–º–∏—Ç—Ä–∏–π –ë.,"–ü–æ–∫–∞ –í–∞—Ä—Ö–∞–º–º–µ—Ä –Ω–µ —Å–∏–ª—å–Ω–æ –≤—ã–±–∏—Ä–∞—é—Ç, –∞ —Å—Ç–æ–∏–ª–æ –±—ã —è –≤—Å—ë –º–µ—á—Ç–∞—é –æ –¢–∏—Ç–∞–Ω–∞—Ö –æ—Ç –¢–∞–Ω–∫–∏—Å—Ç–∞, —ç—Ç–æ –±—ã–ª–æ –±—ã –¥–µ–π—Å—Ç–≤–∏—Ç–µ–ª—å–Ω–æ –º–æ—â–Ω–æ)",2021-06-30T17:38:04Z,1
70,UgzZoZFnjOt6DuFswZN4AaABAg,–ê–ª–µ–∫—Å–∞–Ω–¥—Ä –ö–æ–º–∞—Ä–æ–≤,"–ø–æ–∂–∞–ª–µ–π —á–µ–ª–æ–≤–µ–∫–∞)) –Ω–µ –≤—Å–µ –∂–µ –ø–æ 2,5 —á–∞—Å–∞ –≥–æ–¥–Ω—ã–π –∫–æ–Ω—Ç–µ–Ω—Ç –ø–∏–ª—è—Ç)) —Ç–∞–Ω–∫–∏—Å—Ç –æ–¥–∏–Ω –∏–∑ –Ω–µ–º–Ω–æ–≥–∏—Ö))",2021-07-01T12:02:30Z,0
71,UgyZYD4zx2l2J8pK2jt4AaABAg,–î–º–∏—Ç—Ä–∏–π –ë.,–¢–∞–∫ –∫—Ä–µ–π—Å–µ—Ä –ª—ë–≥–∫–∏–π),2021-06-30T17:39:15Z,0
72,Ugwq5I-g_TDvs3NMio14AaABAg,Gelu122,–û–ø–∏—Å–∞–Ω–∏–µ —É–∂–µ –æ–±–Ω–æ–≤–∏–ª–∞—Å—å. –í–æ—Ç —Å—Å—ã–ª–∫–∞ –Ω–∞ –∫–∞–Ω–∞–ª - https://www.youtube.com/channel/UC63BRT83od-WXrhbdB1PnoQ,2021-06-30T17:49:22Z,0
73,Ugwq5I-g_TDvs3NMio14AaABAg,–î–º–∏—Ç—Ä–∏–π –ë.,"–í–±–µ–π –≤ –ø–æ–∏—Å–∫"" –ù–∞—à–∏ –ª—é–±–∏–º—ã–µ –º–∏—Ä—ã"")",2021-06-30T17:39:33Z,0
74,UgwBOwlX2sBrKlUHgmt4AaABAg,Neil Dixson,"–û–Ω —Å–∫–∞–∑–∞–ª –≤ —ç—Ç–æ–º –≤–∏–¥–µ–æ: ""–ü–µ—Ä–µ—Ç–∞—â–∏–ª–∏ –≤ –Ω–æ–≤—ã–π –∫–∞–Ω–æ–Ω –±–µ–∑ –∏–∑–º–µ–Ω–µ–Ω–∏–π, –∑–∞ —á—Ç–æ –∏–º —Å–ø–∞—Å–∏–±–æ"".",2021-07-02T10:00:28Z,0
75,UgwBOwlX2sBrKlUHgmt4AaABAg,–î–º–∏—Ç—Ä–∏–π –ë.,–û–Ω –ø—Ä–æ—Å—Ç–æ —á–ª–µ–Ω –ö–∞–±–∞–ª–∞ –∞ —Ü–µ–ª–∏ —ç—Ç–∏—Ö –≠–ª—å–¥–∞—Ä –ù–∏–∫—Ç–æ –Ω–µ –∑–Ω–∞–µ—Ç –≤–æ–∑–º–æ–∂–Ω–æ –∏ –¥–∞))),2021-06-30T18:28:32Z,0
76,UgyS54d5_mRh7DBcznJ4AaABAg,–ò–≤–∞–Ω –ò–≤–∞–Ω–æ–≤,"@Basax Basax 
–û—Ç—Ç—è–Ω–µ—à—Å—è ;)",2021-06-30T16:53:05Z,0
77,UgyS54d5_mRh7DBcznJ4AaABAg,Basax Basax,"@–ò–≤–∞–Ω –ò–≤–∞–Ω–æ–≤ —ç—Ç–æ —É–∂ —Ç–æ—á–Ω–æ, –ø–∞—Ä—É –¥–Ω–µ–π –±–µ–∑ –æ—Å—Ç–∞–Ω–æ–≤–æ–∫ —Å–º–æ—Ç—Ä–µ—Ç—å –º–æ–∂–Ω–æ –±—É–¥–µ—Ç!)",2021-06-30T16:50:23Z,1
78,UgyS54d5_mRh7DBcznJ4AaABAg,–ò–≤–∞–Ω –ò–≤–∞–Ω–æ–≤,–ê –≤–æ—Ç –∫–æ–≥–¥–∞ –≤–µ—Ä–Ω–µ—à—Å—è –¥–µ–ª —Ç–æ –±—É–¥–µ—Ç!!!,2021-06-30T16:46:06Z,0
79,UgwxhKje_eegDYqH_pt4AaABAg,–ü–∞–≤–µ–ª –í–µ–ª–∏–∫–∏–π,"@–ì–æ—Å –¢–∞–π–Ω–∞ –î–∞ —è –±—ã —Ç–æ–ª—å–∫–æ –∑–∞, –±–æ—é—Å—å —Ç–æ–ª—å–∫–æ –∑–∞–¥–æ–ª–±–∞—Ç—å—Å—è –∫–æ—Ñ–µ –¥–æ–ª–∏–≤–∞—Ç—å –∏ –æ—Å—Ç–∞–Ω–∞–≤–ª–∏–≤–∞—Ç—å—Å—è –¥–ª—è –≥—É–≥–ª–µ–Ω–∏—è —Ç–æ–π –∏–ª–∏ –∏–Ω–æ–π –º–µ–ª–æ—á–∏, —Ö–æ—Ç—è –µ—Å–ª–∏ –ø–æ –≤–∞—Ö–µ, —Ç–æ –∏ 8 —á–∞—Å–æ–≤ –ø—Ä–æ—Å–∏–∂—É, –≤ –∫–æ–Ω—Ü–µ –∫–æ–Ω—Ü–æ–≤ –∫–æ–º—É –∫–∞–∫ –Ω–µ —Å–ª–∞–∞–Ω–µ—à–∏—Ç–∞–º —Å–º–æ—Ç—Ä–µ—Ç—å –∫–∞–∫ —ç–ª—å–¥–∞—Ä—ã –≥–æ–ª–æ—Å–∞ —Å—Ä—ã–≤–∞—é—Ç)",2021-07-01T19:05:43Z,0
80,UgwxhKje_eegDYqH_pt4AaABAg,–ì–æ—Å –¢–∞–π–Ω–∞,@–ü–∞–≤–µ–ª –ü–æ–ª—Ç–æ—Ä–∞–Ω–∏–Ω –∞—á√´ –Ω–µ 7,2021-07-01T09:43:30Z,0
81,UgwxhKje_eegDYqH_pt4AaABAg,–°–∫–∏–æ–Ω,–ú–∞–ª–æ–≤–∞—Ç–æ –±—É–¥–µ—Ç –ø–æ–Ω–∏–º–∞–µ—à—å –º–∞–ª–æ–≤–∞—Ç–æ –±—É–¥–µ—Ç,2021-07-01T07:44:39Z,1
82,UgwxhKje_eegDYqH_pt4AaABAg,–ü–∞–≤–µ–ª –ü–æ–ª—Ç–æ—Ä–∞–Ω–∏–Ω,"–î–∞ —á—Ç–æ –≤—ã –º–µ–ª–æ—á–∏—Ç–µ—Å—å, —Å—Ç—Ä–∞–Ω–µ –Ω–µ–æ–±—Ö–æ–¥–∏–º–æ –≤–∏–¥–µ–æ –¥–ª–∏–Ω–Ω–æ–π –≤ 4 —á–∞—Å–∞!",2021-07-01T04:47:06Z,3
83,UgwxhKje_eegDYqH_pt4AaABAg,–õ–∏—Å –ë–æ–ª—å—à–µ–≤–∏–∫,"–≠—Ç–æ –≤–∏–¥–µ–æ-—Ä–∞–∑–º–∏–Ω–∫–∞.

–ö–∞–∫ –∫–∞—Ä–¥–∏–æ –≤ —Å–ø–æ—Ä—Ç–∑–∞–ª–µ –ø–µ—Ä–µ–¥ —Å–∏–ª–æ–≤—ã–º–∏.",2021-06-30T23:29:31Z,6
84,Ugyw_pThp5KGVFpTmwt4AaABAg,–°—ã–Ω –õ—å–≤–∞,–ê –Ω–∞ —Å—á—ë—Ç –∞–≤—Ç–æ–Ω–æ–º–Ω–æ—Å—Ç–∏. –ö–∞–∂–∏—Å—å —ç—Ç–æ –±—ã–ª–æ –∑–∞–ø–ª–∞–Ω–∏—Ä–æ–≤–∞–Ω–æ. –ß—Ç–æ–±—ã —ç–∫–∏–ø–∞–∂ –Ω–µ —Ä–∞—Å–ª–∞–±–ª—è–ª—Å—è,2021-06-30T17:16:19Z,0
85,Ugyw_pThp5KGVFpTmwt4AaABAg,–ê–ª–µ–∫—Å–∞–Ω–¥—Ä–∞ –ü–ª–∞—Ç–æ–Ω–æ–≤–∞,–Ø –±—É–∫–≤–∞–ª—å–Ω–æ 40 –º–∏–Ω—É—Ç –µ–≥–æ —Å–º–æ—Ç—Ä–µ–ª,2021-06-30T16:53:14Z,0
86,UgzoXOygqxiT2uIp7rl4AaABAg,Thrawn,"@Delod _, –Ω–∏—á–µ–≥–æ –ø—Ä–æ—Ç–∏–≤",2021-06-30T17:33:27Z,0
87,UgzoXOygqxiT2uIp7rl4AaABAg,Delod _,"@Thrawn –∏–º–µ–µ—à—å —á—Ç–æ —Ç–æ –ø—Ä–æ—Ç–∏–≤ ? –û–Ω —Å–º–æ–∂–µ—Ç –≤—Å–µ –ø–æ–¥—Ä–æ–±–Ω–æ , –∏ –∏–Ω—Ç–µ—Ä–µ—Å–Ω–æ —Ä–∞—Å–∫–∞–∑–∞—Ç—å.",2021-06-30T17:30:44Z,0
88,UgzoXOygqxiT2uIp7rl4AaABAg,Thrawn,"–≠—Ç–æ –≤–∏–¥–µ–æ –±—É–¥–µ—Ç –¥–ª–∏—Ç—Å—è 2846464463528905049384 –ª–µ—Ç —Å –æ–±–∑–æ—Ä–æ–º –∫–∞–∂–¥–æ–π –∫–∞—é—Ç—ã, –∫–∞–∂–¥–æ–≥–æ —Å–∞–Ω—É–∑–ª–∞ –≤ –¥–µ—Ç–∞–ª—è—Ö",2021-06-30T16:59:37Z,1
89,UgyESx0BwIl3DzX7foJ4AaABAg,–ê–ª–µ–∫—Å–∞–Ω–¥—Ä–∞ –ü–ª–∞—Ç–æ–Ω–æ–≤–∞,–ê–≥–≤—Å—å,2021-06-30T16:26:57Z,1
90,UgwKQV9McdcBFEBBuEN4AaABAg,–°—É–ø–µ—Ä –í–æ–µ–Ω–Ω—ã–π –ß–ï–õ–û–í–ï–ö,"@–õ–∏—Å –ë–æ–ª—å—à–µ–≤–∏–∫ —Å–æ–≥–ª–∞—Å–µ–Ω, –ø–æ —ç—Ç–æ–º—É —Ç–∞–∫ –∂–¥—É –µ–≥–æ —Ä–æ–ª–∏–∫–æ–≤",2021-07-02T04:16:35Z,0
91,UgwKQV9McdcBFEBBuEN4AaABAg,–•—Ç–æ –Ø,–ê–≥–∞),2021-07-01T05:49:16Z,0
92,UgwKQV9McdcBFEBBuEN4AaABAg,–õ–∏—Å –ë–æ–ª—å—à–µ–≤–∏–∫,–ë–æ–ª—å—à–∞—è —á–∞—Å—Ç—å –≥–∏–∫ –±–ª–æ–≥–≥–µ—Ä–æ–≤ —Ç–∞–∫–∏–µ –µ–¥–≤–∞ –≤ –ø—Ä–∏–Ω—Ü–∏–ø–µ —Å–ø–æ—Å–æ–±–Ω—ã –≤—ã–ø—É—Å–∫–∞—Ç—å.,2021-06-30T23:30:39Z,2
93,UgwKQV9McdcBFEBBuEN4AaABAg,Jlucmonag,"—ç—Ç–æ –∞–Ω–æ–Ω—Å, —Å–∫–æ—Ä–µ–µ –≤—Å–µ–≥–æ",2021-06-30T22:13:08Z,1
94,UgwKQV9McdcBFEBBuEN4AaABAg,–Æ—Ä–∏–π –°–µ–¥—ã—Ö,"@–°—É–ø–µ—Ä –í–æ–µ–Ω–Ω—ã–π –ß–ï–õ–û–í–ï–ö —Ç–∞–∫, —Å–ª—ã—à. –ê –Ω—É –≤—ã–π–¥–∏ –æ—Ç—Å—é–¥–æ–≤–∞ , –∏–±–æ —ç—Ç–æ –Ω–µ —à—É—Ç–∫–∏!",2021-06-30T20:50:33Z,0
95,Ugy3UvjBqgHtwdeqqyN4AaABAg,–õ–∏—Å –ë–æ–ª—å—à–µ–≤–∏–∫,–Æ—Ç—É–± –ø—Ä–∏ –æ–±—Ä–∞–±–æ—Ç–∫–µ —Ä–æ–ª–∏–∫ —Å–∂–∞–ª).,2021-06-30T23:33:56Z,0
96,Ugy3UvjBqgHtwdeqqyN4AaABAg,–ó–∞—Ö–∞—Ä –ú—É—Ä–∞–≤–µ–π,–ù–µ –∫–∞—Ä–∫–∞–π!(–•–æ—Ç—è.......),2021-06-30T17:54:51Z,1
97,Ugy3UvjBqgHtwdeqqyN4AaABAg,–ï–≥–æ—Ä –ú–æ–ª—á–∞–Ω–æ–≤,–û–Ω –∂–µ —Å–∫–∞–∑–∞–ª –≤ –Ω–∞—á–∞–ª–µ –≤–∏–¥–µ–æ: ¬´–ø—Ä–æ–º–µ–∂—É—Ç–æ—á–Ω–∞—è —Å—Ç–∞—Ç—å—è¬ª –∏–ª–∏ –∫–∞–∫-—Ç–æ —Ç–∞–∫,2021-06-30T17:46:50Z,3
98,Ugy3UvjBqgHtwdeqqyN4AaABAg,‚Ä¢ 15 years ago,–ù–∞–π–¥–∏ —Ö–æ—Ç—è –±—ã –Ω–∞ 20 –º–∏–Ω—É—Ç –º–∞—Ç–µ—Ä–∏–∞–ª,2021-06-30T16:40:19Z,0
99,Ugy3UvjBqgHtwdeqqyN4AaABAg,NikMiner,@DiKiJ —è –≤–æ–æ–±—â–µ –¥—É–º–∞–ª —á—Ç–æ –±—É–¥–µ—Ç 12 —á–∞—Å–æ–≤–æ–π —Å—Ç—Ä–∏–º-—Ä–∞—Å—Å–∫–∞–∑,2021-06-30T16:29:46Z,0
100,Ugz119zaoMJFrtmedV94AaABAg,–ê–ª–µ–∫—Å–∞–Ω–¥—Ä–∞ –ü–ª–∞—Ç–æ–Ω–æ–≤–∞,–î–∞ –¥–µ–∂–µ –Ω–µ —á–∞—Å,2021-06-30T16:29:56Z,3
101,Ugx5g5OOJ_KYwnnkzmZ4AaABAg,Elst,@Erwin Rommel –Ω—É –¥–∞ –∞—Ç–æ –Ω–∞–¥–æ–µ–ª–æ 3–π —Ä–∞–∑ –ø–µ—Ä–µ—Å–ª—É—à–∏–≤–∞—Ç—å —Å–µ—Ä–∏—é –≤–∏–¥–µ–æ –ø—Ä–æ –Ω–∞—ë–º–Ω–∏–∫–æ–≤),2021-06-30T18:13:30Z,3
102,Ugx5g5OOJ_KYwnnkzmZ4AaABAg,Erwin Rommel,"–ü—Ä–∞–≤–∏–ª—å–Ω–æ, —á—Ç–æ –º–Ω–µ –≤–µ—Å—å –¥–µ–Ω—å —Å–ª—É—à–∞—Ç—å?",2021-06-30T16:42:26Z,4
103,Ugx5g5OOJ_KYwnnkzmZ4AaABAg,Darth Plagueis,@–¥–≤–µ—Ä—å —Å—Ç—É–ª–æ–≤–∏—á –ò –Ω–µ —Ä–∞–∑. –í—Å—ë –∑–≤ –∫–æ–º—å—é–Ω–∏—Ç–∏ –≤ —Ç—Ä—É—Ö—É. –ù–æ –ø–æ—Ç–æ–º...,2021-06-30T16:42:04Z,12
104,Ugx5g5OOJ_KYwnnkzmZ4AaABAg,–¥–≤–µ—Ä—å —Å—Ç—É–ª–æ–≤–∏—á,"@–ê–ª–µ–∫—Å–∞–Ω–¥—Ä–∞ –ü–ª–∞—Ç–æ–Ω–æ–≤–∞ –æ–±—è–∑–∞—Ç–µ–ª—å–Ω–æ –±–∞—Ö–Ω–µ—Ç, –∫–æ–≥–¥–∞ –Ω–∏–±—É–¥—å",2021-06-30T16:27:06Z,5
105,Ugx5g5OOJ_KYwnnkzmZ4AaABAg,–ê–ª–µ–∫—Å–∞–Ω–¥—Ä–∞ –ü–ª–∞—Ç–æ–Ω–æ–≤–∞,–¢—ã —á—Ç–æ —â–∞—Å –∑–∞–±–∞–±–∞—Ö–∞–µ—Ç,2021-06-30T16:25:22Z,0
106,UgyQrg4THnzMe8-k3vB4AaABAg,–ú–æ—Ä–≥–∞–Ω –ö–µ–π–Ω,–ò —Ç–µ–±—è –≤—ã–ª–µ—á–∏–º! –ò –º–µ–Ω—è –≤—ã–ª–µ—á–∏–º! –í—Å–µ—Ö –≤—ã–ª–µ—á–∏–º!¬©,2021-06-30T18:03:35Z,3
107,UgwcJ66uFfHEHsn36op4AaABAg,–î–º–∏—Ç—Ä–∏–π –ë.,"@DAmiks miks —É–≤—ã –¥–∞, –Ω–æ –≤ —Ñ–∏–ª—å–º –∏ –Ω–µ —Å—É–Ω–µ—à—å —Ç–∞–∫–æ–π –æ–±—ä–µ–º –∏–Ω—Ñ–æ—Ä–º–∞—Ü–∏–∏)",2021-06-30T18:03:11Z,1
108,UgwcJ66uFfHEHsn36op4AaABAg,DAmiks miks,@–î–º–∏—Ç—Ä–∏–π –ë. –ì–ª–∞–≤–Ω–æ–µ —á—Ç–æ –∏–Ω—Ñ–æ—Ä–º–∞—Ç–∏–≤–Ω–æ –≤ —Å–∞–º–∏—Ö —Ñ–∏–ª—å–º–∞—Ö –∏ —Ç.–¥. –ü–æ—á—Ç–∏ –Ω–∏—á–µ–≥–æ –Ω–µ —Å–∫–∞–∑–∞–Ω–æ –ø—Ä–æ —Å–∞–º–∏ –∫–æ—Ä–∞–±–ª–∏,2021-06-30T18:00:32Z,0
109,UgwcJ66uFfHEHsn36op4AaABAg,–î–º–∏—Ç—Ä–∏–π –ë.,@DAmiks miks –Ω—É –º—ã –º–æ–∂–µ–º –ø–æ–¥–æ–∂–¥–∞—Ç—å —Å–æ–±—Å—Ç–≤–µ–Ω–Ω–æ) –£ JJ Case –≤–∏–¥–µ–æ –≤–æ–æ–±—â–µ –ø–æ 6 –º–µ—Å—è—Ü–µ–≤ –º—É—Ç–∏—Ç—å—Å—è –Ω–æ –ø–æ –∏—Ç–æ–≥—É –∫–∞–∫ –∂–µ –æ–Ω–∏ –æ—Ö—Ä–µ–Ω–µ–Ω–Ω—ã),2021-06-30T17:53:58Z,0
110,UgwcJ66uFfHEHsn36op4AaABAg,DAmiks miks,@–î–º–∏—Ç—Ä–∏–π –ë. –ù—É –ø–æ —Å—É—Ç–∏ –≤–µ—Ä–Ω–æ,2021-06-30T17:50:44Z,1
111,UgwcJ66uFfHEHsn36op4AaABAg,–î–º–∏—Ç—Ä–∏–π –ë.,–£ –∫—Ä—É–ø–Ω—ã—Ö –∫–æ—Ä–∞–±–ª–∏–∫–æ–≤ –±–æ–ª—å—à–∞—è –∏—Å—Ç–æ—Ä–∏—è) –ê —Ç–∞–º –≤–∏–¥–µ–æ –Ω–∞ —Ç—Ä–∏ —á–∞—Å–∞ –∏ –¥–µ–ª–∞–µ—Ç—å—Å—è —Ç—Ä–∏ –Ω–µ–¥–µ–ª–∏),2021-06-30T17:27:11Z,1
112,UgxIkZVa54NgE109GpN4AaABAg,–ú–∏—Ä–∞—Å –ù–µ—Å–∏–ø–±–µ–∫,@–í–ª–∞–¥ –ì–∞–≤—Ä–∏–ª–æ–≤ –Ω–∞–≤–µ—Ä–Ω–æ —á–µ—Ä–µ–∑ –≥–æ–¥,2021-07-01T04:41:57Z,2
113,UgxIkZVa54NgE109GpN4AaABAg,–ö–∏—Ä–∏–ª–ª –ë–µ–ª–∏–∫–æ–≤,"@–í–ª–∞–¥ –ì–∞–≤—Ä–∏–ª–æ–≤ –º–µ–ª–∫–æ–≤–∞—Ç–æ, —ç—Ç–æ —Ç–æ–ª—å–∫–æ –ø—Ä–æ –ø—É—à–∫—É —á—Ç–æ –ª–∏?",2021-06-30T17:36:00Z,4
114,UgxIkZVa54NgE109GpN4AaABAg,–í–ª–∞–¥ –ì–∞–≤—Ä–∏–ª–æ–≤,—Å–æ–≥–ª–∞—Å–µ–Ω.–ú—ã –¥–æ–∂–¥–∞–ª–∏—Å—å –Ω–æ–≤—ã–π –≤–∏–¥–µ–æ –æ—Ç –≠–ª—å—Ñ–∏–π—Å–∫–æ–≥–æ —Ç–∞–Ω–∫–∏—Å—Ç–∞.–í–æ–ø—Ä–æ—Å: –∫–æ–≥–¥–∞ –±—É–¥–µ—Ç –≤–∏–¥–µ–æ –ø—Ä–æ –∑–≤–µ–∑–¥—É —Å–º–µ—Ä—Ç–∏ –Ω–∞ 10 —á–∞—Å–æ–≤ ? –í–æ—Ç –≤–æ–ø—Ä–æ—Å,2021-06-30T17:10:16Z,6
115,UgxjQRCVWn7sUlBx4MV4AaABAg,–î–º–∏—Ç—Ä–∏–π –ë.,"@–ù–∞—Ü–∏–æ–Ω–∞–ª –ì–∞—á–∏–∏—Å—Ç —Ç—ã –∂–µ –ì–∞—á–∏—Å—Ç, –¥–æ–∫–∞–∂–∏ —á—Ç–æ —Ç—ã     ‚ôÇÔ∏èDungeon master ‚ôÇÔ∏è –¥–æ—Å–º–æ—Ç—Ä–∏ –≤–∏–¥–µ–æ)",2021-06-30T18:37:32Z,0
116,UgxjQRCVWn7sUlBx4MV4AaABAg,–ù–∞—Ü–∏–æ–Ω–∞–ª –ì–∞—á–∏–∏—Å—Ç,@Mandalor Great –∞ –µ—Å–ª–∏ —Ñ–∞–Ω–∞—Ç?,2021-06-30T16:20:22Z,1
117,UgxjQRCVWn7sUlBx4MV4AaABAg,–ê–ª –•–∞—Ç—Ç–æ–≤–∏—á –†–æ–¥—Ä–∏–≥–µ—Å,–ó–∞—Ç–æ —Å —Å—É–ø–µ—Ä –∏–Ω—Ç–µ—Ä–µ—Å–Ω–æ–π –ø–æ–¥–∞—á–µ–π –æ—Ç –¢–∞–Ω–∫–∏—Å—Ç–∞üôÇ,2021-06-30T16:14:47Z,1
118,UgxjQRCVWn7sUlBx4MV4AaABAg,Mandalor Great,"–ó–Ω–∞—á–∏—Ç —Ç—ã –Ω–µ —Ñ–∞–Ω–∞—Ç, –º–æ–∂–µ—à—å –Ω–µ —Å–º–æ—Ç—Ä–µ—Ç—å, —Ç–µ–±—è –Ω–∏–∫—Ç–æ –Ω–µ –ø—Ä–æ—Å–∏—Ç",2021-06-30T16:14:44Z,2
119,Ugxyr0Ytntw-vqBf6Vd4AaABAg,Star Wars Space,–¢–∞–∫ —ç—Ç –∫—Ä–µ–π—Å–µ—Ä —Ç–æ –ª–µ–≥–∫–∏–π –Ω—É –∏ –≤–∏–¥–µ–æ —Å–æ–æ—Ç–≤–µ—Ç—Å—Ç–≤–µ–Ω–Ω–æ —Ç–æ–∂–µ –ª–µ–≥–∫–æ–µ,2021-06-30T16:13:12Z,6
120,UgzSwyyRaL4MJijt6Z14AaABAg,–í—Å–µ–≤–æ–ª–æ–¥ –ì—Ä–µ—á—É—Ö–∞,–ú–æ—Ä–æ–∂–µ–Ω–∫–∞ –∂–µ,2021-06-30T16:28:39Z,1
121,Ugx_5jK80PZ1P9B5KvF4AaABAg,–Æ—Ä–∏–π –°–µ–¥—ã—Ö,@–ê–ª–µ–∫—Å–∞–Ω–¥—Ä–∞ –ü–ª–∞—Ç–æ–Ω–æ–≤–∞ –∏ —ç—Ç–æ –º–∏–Ω–∏–º—É–º,2021-06-30T20:49:57Z,1
122,Ugx_5jK80PZ1P9B5KvF4AaABAg,–ê–ª–µ–∫—Å–∞–Ω–¥—Ä–∞ –ü–ª–∞—Ç–æ–Ω–æ–≤–∞,–ì–¥–µ—Ç–æ –Ω–∞ 8 —á–∞—Å–æ–≤,2021-06-30T16:26:28Z,4
123,UgyohgekoS4lvh9zF-p4AaABAg,Splash,"–†–∞–¥–∏ —ç—Ç–æ–≥–æ —Ç—ã —Å–æ —Å–≤–æ–∏–º–∏ –¥—Ä—É–∑—å—è—à–∫–∞–º–∏, –≠–π—Å–∏–¥–∏—Å–∏ –∏ –≤–∞–º—É, –≤–æ—Å—Å—Ç–∞–ª –∏–∑ –∫–∞–º–Ω—è? –ù–∏—á–µ–≥–æ —Å–µ–±–µ",2021-06-30T16:54:32Z,2
124,UgxN-ay2kCchC8_tAch4AaABAg,–ê–ª–µ–∫—Å–∞–Ω–¥—Ä–∞ –ü–ª–∞—Ç–æ–Ω–æ–≤–∞,–°–∞–º –æ—Ñ–∏–≥–µ–ª –º–µ–Ω—å—à–µ —á–∞—Å–∞ –∫–∞–∫?????,2021-06-30T16:27:39Z,1
125,UgyCNr_Yk3K3kXSNi8p4AaABAg,–ê–ª–µ–∫—Å–∞–Ω–¥—Ä–∞ –ü–ª–∞—Ç–æ–Ω–æ–≤–∞,–≠—Ç–æ –µ—â—ë –º–∞–ª–æ,2021-06-30T16:24:38Z,1
126,UgxUYXNqnjBWYp9mNbV4AaABAg,–ê–ª–µ–∫—Å–∞–Ω–¥—Ä–∞ –ü–ª–∞—Ç–æ–Ω–æ–≤–∞,–ù–µ—Ç–æ —Å–ª–æ–≤–æ,2021-06-30T16:24:55Z,2
127,Ugx89w88qLwk9dcM5aN4AaABAg,–•—Ç–æ –Ø,–ê—Ö–∞—Ö–∞—Ö),2021-07-01T05:48:54Z,0
128,Ugx89w88qLwk9dcM5aN4AaABAg,Thorgrim Grudgebearer,"@–ü–µ—Ç—Ä –í–æ—Ä–æ–±—å–µ–≤ –ø–æ–≥–æ–¥–∏, –æ–Ω –≠–ª—å—Ñ? –ò–Ω—Ç–µ—Ä–µ—Å–Ω–æ —Å–∫–æ–ª—å–∫–æ —Ä–∞–∑ –µ–≥–æ –∏–º—è –ø—Ä–æ–ø–∏—Å–∞–Ω–æ –≤ –í–µ–ª–∏–∫–æ–π –ö–Ω–∏–≥–µ –û–±–∏–¥.",2021-06-30T20:40:53Z,1
129,Ugx89w88qLwk9dcM5aN4AaABAg,GIPSY,"–†–æ–º–º–µ–ª—å,—Ç–µ–±—è —Å—Å —Ä–∞—Å—Å—Ç—Ä–µ–ª—è–ª–∏ —Ç—ã –∫–∞–∫ –∫–æ–º–º –Ω–∞–ø–∏—Å–∞–ª?",2021-06-30T18:45:27Z,0
130,Ugx89w88qLwk9dcM5aN4AaABAg,–Ü–≤–∞–Ω –¢–∞—Ä–∞—Å–µ–Ω–∫–æ,"@AdamNotEva –î–∞, —Ç–∞–º –Ω–µ–ø—Ä–æ—Å—Ç–æ ""–†—É–∂—å–µ –ß–µ—Ö–æ–≤–∞"" –¢–∞–º —Ü—ñ–ª–∏–π –æ–≥—Ä–æ–º–µ–Ω–∏–π —Å–∫–ª–∞–¥ –≤–∏–Ω—Ç–æ–≤–æ–∫ —É –∫–æ–∂–Ω–æ—ó –∑ —è–∫–∏—Ö —Å–≤–æ—î –∂–∏—Ç—Ç—è: –¥–µ—è–∫—ñ –≤–∏–Ω—Ç–æ–≤–∫–∏ –ø–µ—Ä–µ–ø–ª–∞–≤–ª—è—é—Ç—å –∞ –¥–µ—è–∫—ñ –º–æ–¥–∏—Ñ—ñ—Ü–∏—Ä—É—é—Ç—å",2021-06-30T18:37:56Z,1
131,Ugx89w88qLwk9dcM5aN4AaABAg,–ò–ª—å—è –î–æ–ª–∂–Ω–∏–∫–æ–≤,"–ù–æ—Ä–º–∞–ª—å–Ω—ã–π –ø—Ä–æ–º–µ–∂—É—Ç–æ—á–Ω—ã–π –≤—ã–ø—É—Å–∫! –û—Å–æ–±–µ–Ω–Ω–æ –Ω–∞ —Ñ–æ–Ω–µ –Ω–æ–≤–æ—Å—Ç–∏ –ø—Ä–æ ,,–ø–µ—Ä–µ–∏–º–µ–Ω–æ–≤–∞–Ω–∏–∏"" –∫–æ—Ä–∞–±–ª—è –ë–æ–±—ã –§–µ—Ç–∞: –∞–∂ –ª—é–±–æ–ø—ã—Ç–Ω–æ —Å—Ç–∞–ª–æ –ø—Ä–æ —Å–µ–º–µ–π—Å—Ç–≤–æ –∫–æ—Ä–∞–±–ª–µ–π Slaves.",2021-06-30T18:30:34Z,4
132,Ugyhq0Y1_kKrx1y2VAp4AaABAg,–ê–ª–µ–∫—Å–∞–Ω–¥—Ä–∞ –ü–ª–∞—Ç–æ–Ω–æ–≤–∞,–î–∞,2021-06-30T16:24:05Z,2
