,id,comment,author,likecount,publishedAt
0,Ugxy0sGLumAL1A8oIqx4AaABAg,–ù–∞ 18:47 –∫–æ–≥–¥–∞ –ï–≤–≥—Ä–∞—Ñ —Å–∫—Ä–∏–≤–∏–ª —Ä–æ–∂–∏—Ü—É –ø–æ—á–µ–º—É-—Ç–æ –∑–∞—Ö–æ—Ç–µ–ª–æ—Å—å —á—Ç–æ–±—ã –Ω–∞ —Ñ–æ–Ω–µ –∏–≥—Ä–∞–ª–∞  pantera - walkü§ò,Han Solo,0,2021-07-06T12:29:51Z
1,UgxFCl-Sdqy7ZzQZoYR4AaABAg,"–æ, –Ω–æ–≤—ã–π –º–æ–¥–Ω—ã–π –¥–∂–∏–≥–≥–µ—Ä)",Tom S-ov,0,2021-07-06T12:05:41Z
2,UgwIIKEzx-cdEH_pUSZ4AaABAg,"–ù–∞–¥–æ –±—ã–ª–æ —ç—Ç–æ—Ç —Ä–æ–ª–∏–∫ –∑–∞–ø–∏—Å—ã–≤–∞—Ç—å —Å–ª–µ–¥—É—é—â–∏–º –ø–æ—Å–ª–µ –±—Ä–æ–Ω–µ–ø–æ–µ–∑–¥–∞ - —Å—Ä–∞–∑—É –±—ã –ø—Ä–æ–≤–µ—Ä–∏–ª–∏, —á—Ç–æ —Ä–∞–±–æ—Ç–∞–µ—Ç, –∞ —á—Ç–æ - –Ω–µ—Ç",Alexander Bulanov,0,2021-07-06T12:05:04Z
3,Ugx46tJfqJiAOUr1CmR4AaABAg,–î–∞ –µ—â—ë —Å–∫–∏–¥–∫–∞ –Ω–µ –Ω–∞ –≤—Å–µ –≥–æ—Ä–æ–¥–∞,–∏–ª—å—è —à—É–º–∫–æ–≤,1,2021-07-06T12:04:15Z
4,UgxxcD_GYdc5bcjm3kV4AaABAg,"–ï–≤–≥—Ä–∞—Ñ, —Ç–∞–º –Ω–∞–¥–æ –±—ã–ª–æ 6 –¥—ç—à–µ–π, —Ç.–∫. —Ç—ã –≤—Å–µ –¥–µ–ª–∞–ª –≤ 3 —Ä–∞–∑–∞ –±–æ–ª—å—à–µ",–ü–µ—Ç—è –ü–µ—Ç—Ä–æ–≤–∏—á,0,2021-07-06T11:58:16Z
5,UgyoL7V06iN357wX7ex4AaABAg,"–í—Å—Ç—Ä–µ—á–∞–π—Ç–µ –Ω–æ–≤–æ–≥–æ —Å—É–ø–µ—Ä–≥–µ—Ä–æ—è: –ë–ò–û–ß–ï–õ–û–í–ï–ö, –ß–ï–õ–û–í–ï–ö-–ï–í–ì–†–ê–§!",Scar,0,2021-07-06T11:56:08Z
6,UgzeR8P7xMIcRoec9dt4AaABAg,–ü–æ—Å–≤–µ—Ç–∏,YaKaF,0,2021-07-06T11:49:25Z
7,Ugy6fyqdu90-GgdgYLF4AaABAg,"–∞ –ø–æ—á–µ–º—É —Ä–∞–∑–Ω—ã–µ —à–µ–π–∫–µ—Ä—ã, —Ç–æ –ë–æ—Å—Ç–æ–Ω—Å–∫–∏–π —Ç–æ –¥—Ä—É–≥–æ–π —Ä–∞–∑–Ω–∏—Ü–∞ –µ—Å—Ç—å?",–ë–∞—á–∏–Ω—Å–∫–∏–π –ê–ª–µ–∫—Å–∞–Ω–¥—Ä,0,2021-07-06T11:37:40Z
8,UgyCt0opKxC1-z070zF4AaABAg,"–°–æ–∑–¥–∞—Ç–µ–ª–∏ –¥–∞–Ω–Ω—ã—Ö –∫–æ–∫—Ç–µ–π–ª–µ–π:
- –ê –¥–∞–≤–∞–π—Ç–µ –ø—Ä–∏–¥—É–º–∞–µ–º 4 —Ä–∞–∑–Ω—ã—Ö –∫–æ–∫—Ç–µ–π–ª—è, –≤–æ–æ–±—â–µ –Ω–µ –ø–æ—Ö–æ–∂–∏—Ö –ø–æ —Å–æ—Å—Ç–∞–≤—É?
- –ê –¥–∞–≤–∞–π, —Ç–æ–ª—å–∫–æ –Ω–∞–∑–≤–µ–º –∏—Ö –ø–æ –¥—Ä—É–≥–æ–º—É!
- –ù–∏ —Å–ª–æ–≤–∞ –±–æ–ª—å—à–µ....",–†—É—Å–ª–∞–Ω –ö–æ–∑–∏—Ü—å–∫–∏–π,0,2021-07-06T11:31:42Z
9,Ugyd8aQItXLcbTKErxR4AaABAg,–ó–∞–≤–∏—Å—Ç—å —Ç–∞–∫–æ–º—É –∫–æ–ª-–≤—É –ª—å–¥–∞,–•—É–≥–∏–Ω –ú—É–Ω–∏–Ω,0,2021-07-06T11:30:46Z
10,UgxkIF4GBH_C52top6J4AaABAg,"–í —Å–º—ã—Å–ª–µ –ø–∏—Ç—å —Å —É—Ç—Ä–∞ –ø–ª–æ—Ö–æ–π —Å–æ–≤–µ—Ç???)
–í—ã–ø–∏–ª —É—Ç—Ä–æ–º - –≤–µ—Å—å –¥–µ–Ω—å —Å–≤–æ–±–æ–¥–µ–Ω!)",–ö–∏—ç—Ä–∏ –ù—ç–π—Ç,1,2021-07-06T11:13:18Z
11,UgwAcAc2xakEIfwCttR4AaABAg,"—Å–º–æ—Ç—Ä–µ—Ç—å –µ–¥–∏–º —Ç–≤ –Ω–∞–¥–æ —Ç–∞–∫, —á—Ç–æ–± —Ç–≤–æ–∏ –∫–æ–º–º–µ–Ω—Ç—ã –≤–∏–¥–µ–ª–∏ –≤ —Å–ª—É–¥—É—é—â–∏—Ö –≤—ã–ø—É—Å–∫–∞—Ö:)",–î–º–∏—Ç—Ä–∏–π –†—ã–∫—É–ª–∏–Ω,0,2021-07-06T11:08:51Z
12,UgzZla350XTi6p9pLC54AaABAg,–í–∏—Ç–∞–ª–∏–∫–∞ –Ω–µ —Å–ª—É—à–∞–π—Ç–µ ü§£ü§£ü§£,–¢–∏–º—É—Ä –ë–æ—Ç–∞–±–∞–µ–≤,0,2021-07-06T11:06:31Z
13,Ugwh7Cu_33YkJnuFzRN4AaABAg,–°—Ä–æ—á–Ω–æ –Ω—É–∂–Ω–æ –∑–∞–ø–∏–ª–∏—Ç—å 8–º–∏ —á–∞—Å–æ–≤–æ–µ –≤–∏–¥–µ–æ —Å —à–µ–π–∫—É—é—â–∏–º –ï–≤–≥—Ä–∞—Ñ–æ–º!,Vadim Varlamov,0,2021-07-06T10:56:58Z
14,UgzXIutW5-JgGrJXmNF4AaABAg,–£—Ä–∞! –Ø –≤ —Ç–µ–ª–µ–≤–∏–∑–æ—Ä–µ!,–ß–∞–π–Ω—ã–π–ü–∞–∫–µ—Ç–∏–∫,0,2021-07-06T10:54:32Z
15,Ugy61wbCvCmTJ1jrnJJ4AaABAg,–ù–∞–±–æ—Ä –∫–æ–∫—Ç–µ–π–ª–µ–π –¥–ª—è —É—á–∏—Ç–µ–ª–µ–π —Ç—Ä—É–¥–∞ –≤ —à–∫–æ–ª–µ.,UltraPirojok3000,0,2021-07-06T10:50:58Z
16,UgxthZeXi_aXg8Fsnup4AaABAg,12:21,Marcus Aurelius,0,2021-07-06T10:49:03Z
17,UgybO64x2dFlA7AbzTN4AaABAg,–ò–¥–∏ –≤ –Ω–æ—Ä–º—É :),glotovden,0,2021-07-06T10:47:17Z
18,Ugza7PEy_nucUBhpO8V4AaABAg,"–ù–µ —Ö–≤–∞—Ç–∞–µ—Ç —Å—É—Ä–æ–≤–æ–≥–æ –≤—ã—Ä–∞–∂–µ–Ω–∏—è –ª–∏—Ü–∞ –ï–≤–≥—Ä–∞—Ñ–∞, –∫–æ–≥–¥–∞ –æ–Ω —Å—Ç–∏—Ä—É–µ—Ç –∫–æ–∫—Ç–µ–π–ª–∏. –ê —Ç–æ —á–æ —Ç–æ–ª—å–∫–æ –ø—Ä–∏ —à–µ–π–∫–µ?",–í–∞—Å–∏–ª–∏–π –ñ—É—Ä–∞–≤–ª–µ–≤,0,2021-07-06T10:44:11Z
19,Ugx0x7DUaFYbJ-5NWNR4AaABAg,–ù–∞ –∑–∞—Å—Ç–∞–≤–∫–µ —Ñ–æ—Ç–æ –±—É–¥-—Ç–æ –í–∞–º –ø—Ä–∏–≤–∏–≤–∫—É –ø–æ—Å—Ç–∞–≤–∏–ª–∏,Sakhmeta,0,2021-07-06T10:41:42Z
20,UgxMmCJyWPfdmQ1QstR4AaABAg,–®–µ–π–∫–µ–æ–≤–∞—Ç—å —Å –ø–æ—Ö–º–µ–ª—å—è - —ç—Ç–æ –æ—á–µ–Ω—å –ø–ª–æ—Ö–∞—è –∏–¥–µ—è. –¢–æ–ª—å–∫–æ –Ω–∞—Å—Ç–æ—è—â–∏–π –¥—Ä—É–≥ –º–æ–∂–µ—Ç —à–µ–π–∫–∞–Ω—É—Ç—å –ø–æ—Ö–º–µ–ª—å–Ω–æ–º—É –¥—Ä—É–≥—É. –ï—Å–ª–∏ –≤—ã –ø–æ–Ω–∏–º–∞–µ—Ç–µ –æ —á—ë–º —è.,–ü–∞–≤–µ–ª –Æ—Ç—è–µ–≤,0,2021-07-06T10:30:52Z
21,UgwLD80dn_J7ya-1VGJ4AaABAg,"–ò–∑–≤–µ—Ä–≥–∏, –ø–æ–∫–æ—Ä–º–∏—Ç–µ –í–∏—Ç–∞–ª–∏–∫–∞! –û–Ω —Å–∫–æ—Ä–æ –ø—Ä–æ—Å–≤–µ—á–∏–≤–∞—Ç—å –Ω–∞—á–Ω—ë—Ç.",–ï–≥–æ—à–∏–Ω –§–∏–ª–∏–ø–ø,4,2021-07-06T10:29:35Z
22,UgzxiSIgxkQh5h9QeJZ4AaABAg,—Ç—Ä–µ–±—É—é –≤ –∫–æ–Ω—Ü–µ –ø–æ–∫–∞–∑—ã–≤–∞—Ç—å –Ω–µ—É–¥–∞—á–Ω—ã–µ –¥—É–±–ª–∏ —Å –¥–æ—Å—Ç–∞–≤–∞–Ω–∏–µ–º –Ω—É–∂–Ω—ã—Ö –ø—É–∑—ã—Ä–µ–π –Ω–µ –≥–ª—è–¥—è))),–ê–ª–µ–∫—Å–∞–Ω–¥—Ä –õ.,6,2021-07-06T10:21:16Z
23,UgzoXe75A5nCQAGoPwd4AaABAg,"–õ—ë–¥ –ø—Ä–µ–∫—Ä–∞—Å–Ω—ã–π.
–ö–∞–∫ —Ä–∞–∑ –ø–æ–¥ —É—Ä–æ–≤–µ–Ω—å —Ü–µ–Ω–∏—Ç–µ–ª—è –í–∏—Ç–∞–ª–∏–∫–∞.",–∞—Ä—Å–µ–Ω–∏–π –Ω–∏–∫–æ–ª–∞–µ–Ω–∫–æ,0,2021-07-06T10:14:59Z
24,Ugx9nSKbVMMFNHovcf94AaABAg,"–°–∫–æ–ª—å–∫–æ –Ω–µ —Å–º–æ—Ç—Ä–µ–ª –ø—Ä–æ –∫–æ—Ä–ø—Å —Ä–µ–≤–∞–π–≤–µ—Ä—ã, –≤—Å–µ –∑–∞–±—ã–≤–∞—é—Ç –ø—Ä–æ –Ω–æ–º–µ—Ä 3 (–∫–æ–Ω—å—è–∫, –∫–∞–º–ø–∞—Ä–∏, –∫—É–∞–Ω—Ç—Ä–æ, –ª–∏–º–æ–Ω–Ω—ã–π —Å–æ–∫). –≠—Ç–æ—Ç —ç–∫–∑–µ–º–ø–ª—è—Ä –º–æ–∂–µ—Ç –ø–æ–±–æ—Ä–æ—Ç—å—Å—è —Å –Ω–æ–º–µ—Ä–æ–º 2",Aleksei Maslennikov,0,2021-07-06T10:14:38Z
25,UgyToKps447fqgOUBg94AaABAg,–Ø –æ–±—è–∑–∞–Ω–∞ —Å–ø—Ä–æ—Å–∏—Ç—å —á—Ç–æ —Ç–∞–∫–æ–µ —Å–æ–¥–æ–≤–∞—è ü§£,Zhanel Sh,0,2021-07-06T10:09:57Z
26,Ugz_mA2TYsB-05xREaF4AaABAg,"-–û–Ω —Å–æ–≤—Å–µ–º –¥—Ä—É–≥–æ–π, –í–∏—Ç–∞–ª–∏–∫–∞ –Ω–µ —Å–ª—É—à–∞–π—Ç–µ.
–ê, –Ω—É –≤–æ—Ç –∏ –ø–µ—Ä–≤—ã–π –ï–≤–≥—Ä–∞—Ñ –≤–µ—Ä–Ω—É–ª—Å—è, –Ω–∞–∫–æ–Ω–µ—Ü-—Ç–æ —Ç–æ–ª—å–∫–æ –µ–≥–æ –º–Ω–µ–Ω–∏–µ –≤ –≤–∏–¥–µ–æ —Å–∞–º–æ–µ –≤–µ—Ä–Ω–æ–µ. –ê —á—Ç–æ, –≤ –†–§ —É–∂–µ –¥–≤–∞ —á–µ–ª–æ–≤–µ–∫–∞ —Å –∫–ª–æ–Ω–∞–º–∏ —Ç–µ–ø–µ—Ä—å?",–§–æ–Ω –ú–∏–∫—Ä–æ,0,2021-07-06T10:07:52Z
27,Ugwrqp2HeQ19xKwXUiV4AaABAg,–°—É–¥—è –ø–æ –≤—Å–µ–º—É –≤–∞–∫—Ü–∏–Ω–∞ –ï–≤–≥—Ä–∞—Ñ—É –Ω–µ –ø–æ–º–æ–≥–ª–∞ üòÖ,–ò–≤–∞–Ω –ú–∏–Ω–µ–µ–≤,0,2021-07-06T10:07:04Z
28,Ugx2umVn_gvB0C1_l4N4AaABAg,"–í–∏—Ç–∞–ª–∏–∫ —Å –∫–∞–∂–¥—ã–º —Ä–æ–ª–∏–∫–æ–º –≤—Å—ë —Å–∏–ª—å–Ω–µ–µ —Ö—É–¥–µ–µ—Ç, –ø—Ä—è–º —Å–æ–≤—Å–µ–º –æ—Å—É–Ω—É–ª—Å—è —É–∂–µ(",–ü—ë—Ç—Ä 2008,0,2021-07-06T10:03:19Z
29,UgxYdeN6uSR68oV_dk94AaABAg,"–ï–≤–≥—Ä–∞—Ñ, –ø–æ—á–∏—Ç–∞–π –Ω–æ–≤–æ–µ –∑–∞–∫–æ–Ω–æ–¥–∞—Ç–µ–ª—å—Å—Ç–≤–æ –æ —Ç–æ–º, —á—Ç–æ —Ç–µ–ø–µ—Ä—å –≤ —ç—Ç–æ–π —Å—Ç—Ä–∞–Ω–µ —à–∞–º–ø–∞–Ω—Å–∫–æ–µ, —Ç—ã –Ω–µ –ø—Ä–∞–≤ü§£‚ú®",–¢—Ä–æ—Ñ–∏–º–æ–≤ –î–∏–º–æ–Ω,0,2021-07-06T10:01:31Z
30,UgwIVt0al5zl1BsshUN4AaABAg,—Ö–æ—á—É —á—Ç–æ–± –ø–æ—Å–≤—è—Ç–∏–ª–∏ –º–Ω–µ —à–µ–π–∫) –±—É–¥—É –ø–æ–∫–∞–∑—ã–≤–∞—Ç—å –¥–µ—Ç—è–º –∏ –∫–æ–≥–¥–∞-–Ω–∏–±—É–¥—å –≤–Ω—É–∫–∞–º,–ê–ª–µ–∫—Å–∞–Ω–¥—Ä –ú–∞—á–µ—Ö–∞,0,2021-07-06T09:57:13Z
31,UgykJNifbkoL5mAO4Nx4AaABAg,"–Ω–∞ –≤–∞—à–∏ –Ω–∞–ø–∏—Ç–∫–∏ –ª—å–¥–∞ –Ω–µ –Ω–∞–±–µ—Ä–µ—à—å—Å—è))),–∞ –µ—Å–ª–∏ –∑–∞–º–µ–Ω–∏—Ç—å –æ—Ö–ª–∞–∂–¥–µ–Ω–Ω–æ–π –≤–æ–¥–æ–π –∫–∞–∫–∏–µ –º–æ–≥—É—Ç –±—ã—Ç—å –≤–∞—Ä–∏–∞–Ω—Ç—ã?",Pavel P,0,2021-07-06T09:56:43Z
32,Ugw4cFb781CNmiKSPjF4AaABAg,–ï–≤–≥—Ä–∞—Ñ! –°–¥–µ–ª–∞–π –æ–±–∑–æ—Ä —Å–≤–æ–µ–≥–æ –±–∞—Ä–∞! –∏ –ø–æ–∫–∞–∂–∏ –µ–≥–æ —Å —Ä–∞–∫—É—Ä—Å–∞ –≥–¥–µ –∫–∞–º–µ—Ä–∞ —Å—Ç–æ–∏—Ç!,El Bananas,1,2021-07-06T09:54:58Z
33,UgxCIoiM15QDdA9AYBR4AaABAg,"–∞ –≥–¥–µ –≤–∏–¥–∏–æ –≤ –∫–∞–∫–æ–º —Å–æ—Å—Ç–æ—è–Ω–∏–∏ –æ–Ω–∏ —Å—Ç—É–¥–∏—é –∑–∞–∫—Ä—ã–≤–∞—é—Ç, –≤ –∂–∏–≤–æ–º –∏–ª–∏ —É–∂–µ –Ω–µ —Å–æ–≤—Å–µ–º....?",INTERCEPTOR 24 rus,0,2021-07-06T09:51:13Z
34,Ugx8F2zYeXww35mJ7PV4AaABAg,"–ò–Ω—Ç–µ—Ä–µ—Å–Ω–æ, –ø–æ—Å–ª–µ –¥–µ–≥—É—Å—Ç–∞—Ü–∏–∏, –∫–æ–∫—Ç–µ–π–ª–∏ –¥–æ–ø–∏–≤–∞–µ—Ç–µ?",Bro Live,0,2021-07-06T09:47:55Z
35,UgzopObGlMcSDoRxbQJ4AaABAg,"–°—É–¥—è –ø–æ –ª—å–¥—É, –ï–≤–≥—Ä–∞—Ñ –ø—Ä–∏–∫—É–ø–∏–ª –ª–µ–¥–æ–≥–µ–Ω–µ—Ä–∞—Ç–æ—Ä? –ë—É–¥–µ—Ç –æ–±–∑–æ—Ä—á–∏–∫?",Narryel,0,2021-07-06T09:41:39Z
36,Ugw9x0uyDG8uC0VXJfp4AaABAg,"""Steam"" –∏–ª–∏ ""Stim""?? –ü–µ—Ä–≤–æ–µ –¥–∞ - ""–ü–∞—Ä"", –≤—Ç–æ—Ä–æ–µ –ø—Ä–∞–∫—Ç–∏—á–µ—Å–∫–∏ –¥–æ—Å–ª–æ–≤–Ω–æ - ""—Å—Ç–∏–º—É–ª—è—Ç–æ—Ä"" (–∑–∞—á–∞—Å—Ç—É—é —Ç—Ä–∞–∫—Ç—É–µ—Ç—Å—è –∫–∞–∫ –º–µ–¥.–ø—Ä–µ–ø–∞—Ä–∞—Ç).",Sobskii,0,2021-07-06T09:41:07Z
37,UgyWSZqGz4LaF3_DyoB4AaABAg,dead inside –Ω–∞ –≤–∏—Ç–∞–ª–∏–∫–µ,DikAn,0,2021-07-06T09:37:44Z
38,UgzdZv80PPOKI7gZ64x4AaABAg,"–ï–≤–≥—Ä–∞—Ñü§ö–µ—Å–ª–∏ —á–∏—Ç–∞–µ–µ—à—å, —Å—Ç–∞–≤—å –ª–∞–π–∫ –∏ –∂–¥—É –∑–µ–ª–µ–Ω—É—é —Ñ–µ—é!!!!!",–ü–∞–≤–µ–ª –°–º–∏—Ä–Ω–æ–≤,0,2021-07-06T09:32:15Z
39,UgzIqnI8G16DAxLsIuV4AaABAg,"–ü—Ä–∏–≤–µ—Ç –ï–≤–≥—Ä–∞—Ñ. –ü—Ä–æ—à—É —Ç–µ–±—è, –∫–∞–∫ –ª—ã—Å—ã–π –ª—ã—Å–æ–≥–æ, –ø–æ—Å–≤—è—Ç–∏ —à–µ–π–∫ –º–æ–µ–π –ø—Ä–µ–∫—Ä–∞—Å–Ω–æ–π –∂–µ–Ω–µ –ù–∞—Ç–∞–ª—å–µ –ö–∏—è—Å—å.",Jeka Re,0,2021-07-06T09:32:02Z
40,UgyyK0rTCVCh0Fx0_qx4AaABAg,–û—á –∏–Ω—Ç–µ—Ä–µ—Å–Ω–æ –∫–∞–∫ –æ–±—ã—á–Ω–æ. –ù–µ –∑–∞–±—Ä–∞—Å—ã–≤–∞–π—Ç–µ —Ä—É–±—Ä–∏–∫—É –ø—å–µ–º —Ç–≤! –ë—É—Ä—Ä–∏—Ç–æ —à–∏–∫–∞—Ä–Ω—ã–π –ø–æ–ª—É—á–∞–µ—Ç—Å—è –ø–æ –ø–æ—Å–ª–µ–¥–Ω–µ–º—É —Ä–µ—Ü–µ–ø—Ç—É.,Babran God,0,2021-07-06T09:29:33Z
41,UgzjZTscQce43Zr4i2l4AaABAg,–ù–∞—Å—Ç–æ—è—â–∏–π Corpse Reviver –±—ã–ª –≤ —Ñ–∏–ª—å–º–µ –ù–∞–∑–∞–¥ –≤ –±—É–¥—É—â–µ–µ 3. –ò–Ω—Ç–µ—Ä–µ—Å–Ω–æ –±—ã–ª–æ –±—ã –µ–≥–æ –ø—Ä–∏–≥–æ—Ç–æ–≤–∏—Ç—å),–ê—Ä–∏—Ñ –®–∞—Ö–≤–µ—Ä–¥–∏–µ–≤,2,2021-07-06T09:29:30Z
42,Ugz-c0SLR2mm96RbHHN4AaABAg,"–û—Ç–¥–µ–ª—å–Ω—ã–π –ª–∞–π–∫ –∑–∞ –ö–∞–π –ú–µ—Ç–æ–≤–∞))
–ü–æ–∑–∏—à–Ω –Ω–∞–º–±–µ—Ä –≤–∞–Ω, –≥–æ–≤–æ—Ä–∏—à—å - –Ω–µ –¥–∞–º!!",TheCheat002,1,2021-07-06T09:24:50Z
43,Ugy-VpbIwKu-ISxYmIB4AaABAg,–°—Ç–∞–≤–ª—é –ª–∞–π–∫ '–¥–Ω—é —á–µ—Ä–µ–∑ –∂–æ–ø—É' –í–∏—Ç–∞–ª–∏–∫–∞ –≤ –∫–∞—á–µ—Å—Ç–≤–µ –º–æ—Ä–∞–ª—å–Ω–æ–π –ø–æ–¥–¥–µ—Ä–∂–∫–∏.,–ê–Ω–∞—Å—Ç–∞—Å–∏—è –ö–æ—à–∞–∫–æ–≤–∞,0,2021-07-06T09:24:30Z
44,Ugy2yo66uNUa_28SlpJ4AaABAg,"–ú—ã –≤—Å–µ –∏–Ω–æ–≥–¥–∞ ""–í–∏—Ç–∞–ª–∏–∫"".",bo1d,2,2021-07-06T09:19:32Z
45,UgykLWzI4hozJf6slgd4AaABAg,–ú–æ–∂–µ—Ç –±—ã—Ç—å –≤–µ—Ä–Ω—É—Ç—å –µ–¥—É –Ω–∞ –∫–∞–Ω–∞–ª –∏ –Ω–µ–º–Ω–æ–≥–æ –æ—Ç–∫–æ—Ä–º–∏—Ç—å –í–∏—Ç–∞–ª–∏–∫–∞?,–°—Ç–∞—Å c c,1,2021-07-06T09:19:11Z
46,Ugw2DR2Y7wyYRmSVTth4AaABAg,"–ï–≤–≥—Ä–∞—Ñ, –¥–∞–≤–∞–π —Å–¥–µ–ª–∞–µ–º –≤–∏–¥, —á—Ç–æ —è –Ω–∞–ø–∏—Å–∞–ª–∞ –∫–∞–∫—É—é-—Ç–æ –≥–∞–¥–æ—Å—Ç—å, –∞ —Ç—ã –º–Ω–µ —à–µ–π–∫ –ø–æ—Å–≤—è—Ç–∏—à—å?",–ê–Ω–∞—Å—Ç–∞—Å–∏—è –ö–æ—à–∞–∫–æ–≤–∞,2,2021-07-06T09:17:20Z
47,Ugwfd0jWMmuXRonEdtB4AaABAg,"–ö–∞–∂–¥—ã–π —Ä–∞–∑ –∫–æ–≥–¥–∞ –ï–≤–≥—Ä–∞—Ñ —à–µ–π–∫—É–µ—Ç, —è –ø–µ—Ä–µ–∂–∏–≤–∞—é, —á—Ç–æ —É –Ω–µ–≥–æ –±—Ä–æ–≤–∏ —Å—ä–µ–±—É—Ç—Å—è –Ω–∞ –ª–æ–±",Andrew Smirnov,0,2021-07-06T09:14:48Z
48,Ugx-9YpWNb74D-Yetk14AaABAg,"–ö–∞–π—Ñ–æ–≤—ã–π —Ç—Ä–æ–π–Ω–æ–π –¥–∂–∏–≥–≥–µ—Ä, –º–∞—ç—Å—Ç—Ä–æ)
Custom bar? –£–¥–æ–±–Ω–µ–µ –∫–ª–∞—Å—Å–∏—á–µ—Å–∫–æ–≥–æ?(–≤ –ø–ª–∞–Ω–µ –∏—Å–ø–æ–ª—å–∑–æ–≤–∞–Ω–∏—è, –æ—Å–Ω–æ–≤–Ω–æ–π –ø–ª—é—Å –æ—á–µ–≤–∏–¥–µ–Ω)",Jason Conandoyle,0,2021-07-06T09:14:33Z
49,UgwRpdttwHBuoThaJPJ4AaABAg,–í–∏—Ç–∞–ª–∏–∫ dead inside?,Max P,0,2021-07-06T09:13:57Z
50,UgzhVs8rQKC-LY1nsjB4AaABAg,"–ú–Ω–µ –Ω—Ä–∞–≤–∏—Ç—Å—è —á—Ç–æ —É –í–∏—Ç–∞–ª–∏–∫–∞ –∏ –ï–≤–≥—Ä–∞—Ñ–∞ –¥–∏–∞–º–µ—Ç—Ä–∞–ª—å–Ω–æ –ø—Ä–æ—Ç–∏–≤–æ–ø–æ–ª–æ–∂–Ω—ã–µ –≤–∫—É—Å–æ–≤—ã–µ –æ—â—É—â–µ–Ω–∏—è –æ—Ç –∫–æ–∫—Ç–µ–π–ª–µ–π –∏ —Ç–µ–±–µ –∫–∞–∫ –∑—Ä–∏—Ç–µ–ª—é –≤–æ–æ–±—â–µ –Ω–∏ —Ö—Ä–µ–Ω–∞ –Ω–µ –ø–æ–Ω—è—Ç–Ω–æ –∫–∞–∫–æ–π —Ç–∞–º –≤–∫—É—Å, –∫–∞–∫–æ–π –∞—Ä–æ–º–∞—Ç, —Å—Ç–æ–∏—Ç —Ç–µ–±–µ –¥–µ–ª–∞—Ç—å –∫–æ–∫—Ç–µ–π–ª—å –∏–ª–∏ –Ω–µ—Ç))",Alex Shabad,0,2021-07-06T09:04:37Z
51,Ugy1sXqvsCnYcwtlOxN4AaABAg,–ø—Ä–æ—Å–Ω—É–ª—Å—è –¥–æ–º–∞ –ø–æ—Å–ª–µ  –±—É—Ä–Ω–æ–π –Ω–æ—á–∏ –∏ –ø–æ—à—ë–ª —Å—Ä–∞–∑—É –¥–µ–ª–∞—Ç—å –æ–∂–∏–≤–∏—Ç–µ–ª—è :)) –ª—é–±—ã–µ –∏–Ω–≥—Ä–µ–¥–∏–µ–Ω—Ç—ã –≤–µ–¥—å –≤—Å–µ–≥–¥–∞ –ø–æ–¥ —Ä—É–∫–æ–π,Refrigineer,2,2021-07-06T09:04:34Z
52,UgwNxxKCpM7QQBJ_AO54AaABAg,–ò–Ω—Ç–µ—Ä–µ—Å–Ω–æ –ø–æ—Å–º–æ—Ç—Ä–µ—Ç—å –Ω–µ—Å–∫–æ–ª—å–∫–æ –±–µ–∑–∞–ª–∫–æ–≥–æ–ª—å–Ω—ã—Ö –∫–æ–∫—Ç–µ–π–ª–µ–π! üòâ,–ú–∞–∫—Å–∏–º –ü–æ—Ç–∞–ø–æ–≤,0,2021-07-06T09:03:09Z
53,UgwM-5oZ0LQzJ5Lc_g94AaABAg,–ù–∞ –º–µ—Å—Ç–µ!),Ans_ Zorik,0,2021-07-06T09:02:50Z
54,UgwbVCc-MMIOWZBV9Qh4AaABAg,"–°–º–æ—Ç—Ä—é –ø–æ—á—Ç–∏ –≤—Å–µ –≤—ã–ø—É—Å–∫–∏ —Å —Ä–∞–∑–Ω—ã–º–∏ –∫–æ–∫—Ç–µ–π–ª—è–º–∏, –Ω–æ –ø—å—é –≤—Å–µ —Ä–∞–≤–Ω–æ —Ç–æ–ª—å–∫–æ –≤–∏—Å–∫–∏ —Å –∫–æ–ª–æ–π",Gafur Khussainov,1,2021-07-06T09:00:23Z
55,Ugzf9sTsE3cgXHdtFIF4AaABAg,"2:31 - –Ω–µ —Ä–∞–∑–≥–æ–≤–∞—Ä–∏–≤–∞–π —Å –Ω–µ–∑–Ω–∞–∫–æ–º—ã–º–∏ –º—ë—Ä—Ç–≤—ã–º–∏ –º—É–∂—á–∏–Ω–∞–º–∏.
–û—Ç–ª–∏—á–Ω—ã–π —Ä–æ–ª–∏–∫, –ø—É–ø—Å–∏–∫–∏! –û–±–Ω—è–ª
–ë–µ—Ä–µ–≥–∏ —Å–µ–±—è, –±–∏–æ—á–µ–ª–æ–≤–µ–∫ –ï–≤–≥—Ä–∞—Ñ ))",–†–æ–º–∞–Ω –®–∏–±–ª—ë–≤,2,2021-07-06T08:57:33Z
56,UgyPxvkDMAEWJtsZ3kh4AaABAg,–ö–∞–∫–∏–µ –∂–µ –∫—Ä—É—Ç—ã–µ –¥–∂–∏–≥–µ—Ä—ã,–ú–∞–∫—Å–∏–º –ì—É—Ä–∏–Ω,1,2021-07-06T08:56:18Z
57,UgxiNm-BiepKVwl_Cy54AaABAg,"–í –Ω–æ–º–µ—Ä –¥–≤–∞ - –ï–≤–≥—Ä–∞—Ñ –Ω–∞—Å—Å–∞–ª –∑–∞ –∫–∞–¥—Ä–æ–º, –≤–æ—Ç –∏ —Å–æ–ª–µ–Ω–µ–Ω—å–∫–∏–π.)))",–ê–ª–µ–∫—Å–µ–π –ü–∞–≤–ª–æ–≤,0,2021-07-06T08:51:50Z
58,Ugx0YWxAXmFGhj78fkF4AaABAg,–£–∂–µ —Å —É—Ç—Ä–∞ –≤ —Ä–µ–∫–æ–º–µ–Ω–¥–æ–≤–∞–Ω–Ω—ã—Ö –±—ã–ª —Ä–æ–ª–∏–∫ —Å –í–∞—Å–∏–ª–∏–µ–º –∏ –û–∂–∏–≤–∏—Ç–µ–ª–µ–º —Ç—Ä—É–ø–æ–≤ –Ω–æ–º–µ—Ä 1. –Æ—Ç—É–± –ø–æ—Å—Ç–µ–ø–µ–Ω–Ω–æ —Å—Ç–∞–Ω–æ–≤–∏—Ç—Å—è —Å–∫–∞–π–Ω–µ—Ç–æ–º,–ú–∏—Ö–∞–∏–ª –†–æ–º–∞–Ω–æ–≤,7,2021-07-06T08:51:33Z
59,Ugx3J8Hcp_Daaunf_ax4AaABAg,"–ü–æ—Å–ª–µ –±—É—Ä–Ω–æ–π –Ω–æ—á–∏ –≤ 11 –≤—Å—Ç–∞–≤–∞—Ç—å - —Ç–∞–∫–æ–µ —Å–µ–±–µ. –û–±—ã—á–Ω–æ –ø—Ä–æ—Å—ã–ø–∞–µ—à—å—Å—è –≤ 4, –¥–∞ –∏ —Ç–æ, –µ—Å–ª–∏ –ø–æ–≤–µ–∑—ë—Ç)",–ò–≤–∞–Ω –†—è–∑–∞–Ω—Å–∫–∏–π,1,2021-07-06T08:50:12Z
60,UgxOdbOZXmcVSPsHNKZ4AaABAg,"–ù—É –Ω–∞–∫–æ–Ω–µ—Ü-—Ç–æ,–∫—Ç–æ-—Ç–æ –¥—Ä—É–≥–æ–π,–∞ —Ç–æ —Ç–æ–ª—å–∫–æ –§–µ–Ω–∏–∫—Å,–§–µ–Ω–∏–∫—Å.
–ï—â—ë –±—ã –ù–∞—Ç–∞–ª—å—è –ø–æ—è–≤–∏–ª–∞—Å—å –±—ã,—Ç–æ —Ç–æ–≥–¥–∞ –≤–æ–æ–±—â–µ —Ö–æ—Ä–æ—à–æ.",EdgAr4839,3,2021-07-06T08:49:58Z
61,UgzNCTwdWBwCeMS1ERV4AaABAg,"–í–∏—Ç–∞–ª–∏–π –µ—à—å –ø–æ–±–æ–ª—å—à–µ –ø–æ–∂–∞–ª—É–π—Å—Ç–∞, –í—ã –∫–∞–∫ —Å–∫–µ–ª–µ—Ç",–°–µ—Ä–≥–µ–π –¢–∞—Ä–∞–±—É–∫–∏–Ω,1,2021-07-06T08:47:59Z
62,UgwM47kEAowxIdjgwYZ4AaABAg,"–ï–≤–≥—Ä–∞—Ñ, –æ–∫–∞–∑—ã–≤–∞–µ—Ç—Å—è, –±–∏–æ—á–µ–ª–æ–≤–µ–∫...",–ö–æ–Ω—Å—Ç–∞–Ω—Ç–∏–Ω –ö–∞—Ç–∞—Å–æ–Ω–æ–≤,2,2021-07-06T08:45:21Z
63,UgxuUzOAGYkW7SRK6y94AaABAg,–æ–∂–∏–≤–∏—Ç–µ–ª–∏ —Ç—Ä—É–ø–æ–≤  –ø–æ-—Ä—É—Å—Å–∫–∏ —ç—Ç–æ —Ñ–∏–∫—Å–∏–∫–∏))),Arthur Hasiev,0,2021-07-06T08:44:05Z
64,Ugw6CxJZNGZtraiMuot4AaABAg,–ê –ø–æ—á–µ–º—É –Ω–µ–ª—å–∑—è —à–µ–π–∫–æ–≤–∞—Ç—å –≤–µ—Ä–º—É—Ç?,CG,0,2021-07-06T08:43:58Z
65,UgxKjQMjPqgU5APTMFd4AaABAg,"–ï–≤–≥—Ä–∞—Ñ, –ø—Ä–æ—à—É, –ø–æ—Å–≤—è—Ç–∏ —à–µ–π–∫ —Ç–µ—Å—Ç–∏—Ä–æ–≤–∞–Ω–∏—é –¥–∂–∏–Ω–æ–≤ –∏ –≤–æ–¥–∫–∏ –∞—Ö–∞—Ö",PrisvizRU,5,2021-07-06T08:38:35Z
66,UgyyVTiNEdOy62KBAsN4AaABAg,"–ü–æ–∑–≤–æ–ª—å—Ç–µ –ø–æ–∑–∞–Ω—É–¥—Å—Ç–≤–æ–≤–∞—Ç—å. –ê–ª–∫–æ–≥–æ–ª—å - –¥–µ–ø—Ä–µ—Å—Å–∞–Ω—Ç, –±–µ–∑—É—Å–ª–æ–≤–Ω–æ. –û–¥–Ω–∞–∫–æ —ç—Ç–æ —Å–≤—è–∑–∞–Ω–æ —Å–æ —Å–Ω–∏–∂–µ–Ω–∏–µ–º –∞–∫—Ç–∏–≤–Ω–æ—Å—Ç–∏ –Ω–µ—Ä–≤–Ω–æ–π —Å–∏—Å—Ç–µ–º—ã, –∞ –Ω–µ —Å –¥–µ–ø—Ä–µ—Å—Å–∏–≤–Ω—ã–º –Ω–∞—Å—Ç—Ä–æ–µ–Ω–∏–µ–º –ø–æ—Å–ª–µ –≤–æ–∑–ª–∏—è–Ω–∏–π.
–î–µ–ø—Ä–µ—Å—Å–∞–Ω—Ç—ã (–æ—Ç –ª–∞—Ç. depressio, –ø–æ–¥–∞–≤–ª–µ–Ω–∏–µ) ‚Äî –≤–µ—â–µ—Å—Ç–≤–∞, —É–≥–Ω–µ—Ç–∞—é—â–∏–µ, —Å–Ω–∏–∂–∞—é—â–∏–µ –∏–ª–∏ –ø–æ–¥–∞–≤–ª—è—é—â–∏–µ –ø—Å–∏—Ö–∏—á–µ—Å–∫–æ–µ –≤–æ–∑–±—É–∂–¥–µ–Ω–∏–µ.",Lexx Xell [bmd.GG],7,2021-07-06T08:36:20Z
67,UgzlavmTod5yOyLNjhF4AaABAg,"–¢–æ –æ—â—É—â–µ–Ω–∏–µ –∫–æ–≥–¥–∞ —Å–æ–∑–¥–∞–ª –∫–∞–Ω–∞–ª, —á—Ç–æ –±—ã —Ç–µ–±—è —Å–ø–æ–Ω—Å–∏—Ä–æ–≤–∞–ª–∏ –∞–ª–∫–æ–≥–æ–ª–µ–º. üòÉüòÉ",–ê–Ω–¥—Ä–µ–π –ö–æ—á–∫–∏–Ω,3,2021-07-06T08:35:20Z
68,Ugwan--93WlOIPEYp5F4AaABAg,–ê –∫–∞–∫ –∂–µ –∑–Ω–∞–º–µ–Ω–∏—Ç—ã–µ —Ñ—Ä–∞–∑—ã –ø—Ä–∏ —Ç–∞–∫–æ–º –æ—Ç–∫—Ä—ã–≤–∞–Ω–∏–∏ –±—É—Ç—ã–ª–æ–∫ (–¥–æ–±—Ä—ã–π –≤–µ—á–µ—Ä) üòÖ,–®–µ—Ä–∑–æ–¥ –ë–∞–π–º–∞—Ç–æ–≤,4,2021-07-06T08:35:06Z
69,UgwqCn1hwyNMG51anaF4AaABAg,"–¢–æ—á–Ω–æ, –í–∏—Ç–∞–ª–∏–∫ - —ç—Ç–æ –∂–µ —Ç—Ä—É–¥–æ–≤–∏–∫!!! –í—Å—ë –¥—É–º–∞–ª, –Ω–∞ –∫–æ–≥–æ –∂–µ –æ–Ω –ø–æ—Ö–æ–∂. –ü–æ—Ö–º–µ–ª–∏–ª—Å—è –∏ –≤ —à–∫–æ–ª—É... üòÇüòÇüòÇü§î",–ê–∑–∞–º–∞—Ç –®–∞–∫–∏—Ä–æ–≤,28,2021-07-06T08:32:42Z
70,UgzwUja_T-fjqwXcbHN4AaABAg,"–ï–≤–≥—Ä–∞—Ñ, —è –ø–æ–Ω–∏–º–∞—é, —á—Ç–æ —Ç—ã –ø—Ä–æ—Å—Ç–æ —à—É—Ç–∏—à—å, –Ω–æ —á–µ—Å—Ç–Ω–æ —É–∂–µ –Ω–µ –ø—Ä–∏—è—Ç–Ω–æ —Å–º–æ—Ç—Ä–µ—Ç—å –Ω–∞ —ç—Ç–æ—Ç —Ö–∞—Ä–∞—Å—Å–º–µ–Ω—Ç –≤ —Å—Ç–æ—Ä–æ–Ω—É –í–∏—Ç–∞–ª–∏–∫–∞. –û–Ω –≤–µ—Å–µ–ª—ã–π, —á—É—Ç—å —Å—Ç—Ä–∞–Ω–Ω–æ–≤–∞—Ç—ã–π, –∏–Ω—Ç–µ—Ä–µ—Å–Ω—ã–π –≤–Ω–µ—à–Ω–æ—Å—Ç—å—é, –≥–æ–ª–æ—Å–æ–º –∏ –≤–æ–æ–±—â–µ –∑–¥–æ—Ä–æ–≤—Å–∫–∏–π. –¢—ã –ª–∏–±–æ –µ–≥–æ –Ω–µ –∑–æ–≤–∏, –ª–∏–±–æ –ø—Ä–µ–∫—Ä–∞—Ç–∏ –ø–æ–∂–∞–ª—É–π—Å—Ç–∞. –°–ø–∞—Å–∏–±–æ.",–ò–º—è –§–∞–º–∏–ª–∏—è,1,2021-07-06T08:31:49Z
71,Ugws65zGR74fBsgEWnF4AaABAg,–ü–æ—Å–ª–µ –Ω–æ–º–µ—Ä 1 –±—É–¥–µ—Ç –¥—É–±–ª—å –¥–≤–∞),–†–æ–º–∞–Ω –°–µ—Ä–±–∏–µ–Ω–∫–æ,0,2021-07-06T08:30:08Z
72,UgwG1yXlnVyaHuYan_Z4AaABAg,"–ö–∞–∫ –Ω–∞—Å—á—ë—Ç –ø–æ–¥–±–æ—Ä–∫–∏  –∫–æ–∫—Ç–µ–π–ª–µ–π, –∫–æ—Ç–æ—Ä—ã–µ –º–æ–∂–Ω–æ —Å–æ–∑–¥–∞—Ç—å –Ω–∞ –æ—Å–Ω–æ–≤–µ –∏–Ω–≥—Ä–µ–¥–∏–µ–Ω—Ç–æ–≤ –∫—É–ø–ª–µ–Ω–Ω—ã—Ö –≤ –ê–ø—Ç–µ–∫–µ?))",Ser Red,0,2021-07-06T08:29:47Z
73,UgwmHBKr2ztgrUbeRgt4AaABAg,"- –Ø –Ω–µ —á—É–≤—Å—Ç–≤—É—é –∑–¥–µ—Å—å –∞–±—Å–µ–Ω—Ç...
- –ö–æ—Ä–æ–Ω–æ–≤–∏—Ä—É—Å, –±—Ä–æ!",–ù–æ—Å–æ–≤ –ü–∞–≤–µ–ª,12,2021-07-06T08:28:24Z
74,Ugw0QPJJFKe-esFHf394AaABAg,–î–æ 11—Ç–∏ —É—Ç—Ä–∞ —à–µ–π–∫–æ–≤–∞—Ç—å? =)  –î–∞ –¥–æ 11—Ç–∏ —É—Ç—Ä–∞ –∫–æ—à–µ—á–∫–∞ —Å–≤–æ–∏–º–∏ –ª–∞–ø–∫–∞–º–∏ –¥–µ–ª–∞–µ—Ç –ë–£–ú! –ë–£–ú! –ë–£–ú!,Sergey M,13,2021-07-06T08:23:36Z
75,UgyovWfDFfuov-zpufl4AaABAg,"–î–ñ–ò–ì–ì–ï–† –°–ü–ò–ù–ù–ï–†
–î–ñ–ò–ì–ì–ï–† –°–ü–ò–ù–ù–ï–†",BGR ttoo,4,2021-07-06T08:22:09Z
76,UgxER_NIlZza9n4Orhx4AaABAg,"–ü–∏—Ç—å –¥–æ 11—Ç–∏ —É—Ç—Ä–∞ –æ–Ω–æ –∫–æ–Ω–µ—á–Ω–æ –Ω–µ –Ω—É–∂–Ω–æ, –Ω–æ —Å–∞–º—ã–µ –≤–µ—Å–µ–ª—ã–µ –∏—Å—Ç–æ—Ä–∏–∏ –∫–∞–∫ —Ä–∞–∑ –∏ –ø—Ä–æ–∏—Å—Ö–æ–¥—è—Ç –ø–æ—Å–ª–µ —Ç–∞–∫–æ–≥–æ.",Sergey M,20,2021-07-06T08:19:37Z
77,Ugzil9q_eqa1oG0SzY14AaABAg,"–ò—Å–ø–∞–Ω–µ—Ü –≤–Ω–æ–≤—å –∏ –≤–Ω–æ–≤—å –ø–æ—Å–µ—â–∞–µ—Ç –º–µ–Ω—è. –ö–æ–≥–¥–∞ —è —Å–º–æ—Ç—Ä—é –∫–∞–∫ –ï–≤–≥—Ä–∞—Ñ —à–µ–π–∫—É–µ—Ç)))
–ì–æ—Å–ø–æ–¥–∞ –ø—å—é—â–∏–µ –∏ –≤—ã–ø–∏–≤–∞—é—â–∏–µ) –ü–æ–¥—Å–∫–∞–∂–∏—Ç–µ –±–æ–ª—å—à–æ–π —Å–∞–π—Ç –¥–ª—è –±–∞—Ä–æ–≤. –•–æ—Ç–µ–ª –¥–æ–º–æ–π –ø—Ä–∏–æ–±—Ä–µ—Å—Ç–∏ —Ä–æ–∫—Å—ã –±–æ–ª—å—à–∏–µ –∏ –ø—Ä–æ—á–µ–µ.
–ê —É –º–µ–Ω—è –≤ –≥–æ—Ä–æ–¥–µ —Ç–æ–ª—å–∫–æ –±—É–º–∞–∂–Ω—ã–µ —Å—Ç–∞–∫–∞–Ω—á–∏–∫–∏ –∏–∑ –ö—Ä–∞—Å–Ω–æ–≥–æ –∏ –ë–µ–ª–æ–≥–æ.",Carlos Vulgar,1,2021-07-06T08:17:59Z
78,Ugwzvn-o4pZDa396R_Z4AaABAg,"–û—Ç–ª–∏—á–Ω–∞—è —Ä—É–±—Ä–∏–∫–∞!) –ò–Ω—Ç–µ—Ä–µ—Å–Ω—ã–µ –∫–æ–∫—Ç–µ–π–ª–∏, —Ç–æ —á—Ç–æ –Ω—É–∂–Ω–æ —Å —É—Ç—Ä–∞.)))
–¢–æ, —á—Ç–æ –º–µ—Ä—Ç–≤–æ, —É–º–µ—Ä–µ—Ç—å –Ω–µ –º–æ–∂–µ—Ç!",ADpain,6,2021-07-06T08:11:27Z
79,UgyCWKcch8110SeGtf54AaABAg,–≥–¥–µ –ª–∏–º–æ–Ω—á–∏–∫ —Å –±–∞—Ä–Ω–æ–π —Å—Ç–æ–π–∫–∏??,Nicky Olegovich,0,2021-07-06T08:09:07Z
80,Ugyp9tgxDN6tcPXrS4d4AaABAg,–ö–æ—Ä–æ—á–µ) —É—Ç—Ä–æ–º –≤—ã–ø–∏–ª –¥–µ–Ω—å —Å–≤–æ–±–æ–¥–µ–Ω) –∞ —É–∂ –µ—Å–ª–∏ —Å –±–∞–¥—É–Ω–∞..... –í –æ–±—â–µ–º) —Ç–µ–º–∞ –∏–Ω—Ç–µ—Ä–µ—Å–Ω–∞—è) –≤ 11 –Ω–∞—á–∏–Ω–∞—Ç—å),–§–µ–¥–æ—Ä –®—É–º—Å–∫–∏–π,0,2021-07-06T08:05:01Z
81,UgypxhBJHX_w5JgADK94AaABAg,–§—É—Ç–±–æ–ª–∫–∞ —Å –Ω–∞–¥–ø–∏—Å—å—é Trooper –∏–¥–µ–∞–ª—å–Ω–æ –ø–æ–¥—Ö–æ–¥–∏—Ç))),–î–µ–Ω–∏—Å –ó–∞—Ö–∞—Ä–æ–≤,11,2021-07-06T08:04:38Z
82,UgwQKRGlHNmepkSS5BZ4AaABAg,–ü–æ—á–µ–º—É —ç—Ç–æ –≤–∏–¥–µ–æ –Ω–µ –≤—ã—à–ª–æ –≤ –ø—è—Ç–Ω–∏—Ü—É???? –ó–Ω–∞–ª –±—ã —á–µ–º –ø–æ—Ö–º–µ–ª—è—Ç—Å—è –≤ —Å—É–±–±–æ—Ç—É üò¢üò¢üò¢üòÅ,–ê—Ä–∫–∞–¥–∏–π –ú–∏–∫–∞—ç–ª—è–Ω,1,2021-07-06T08:02:11Z
83,UgzCoOAp41T4pXXf3ux4AaABAg,–ì–¥–µ —Å–æ–¥–æ–≤–∞—è?,Nikita Nikita,0,2021-07-06T08:01:38Z
84,Ugziltl5yLqnz9MhI794AaABAg,"–ü–µ—Ä–≤—ã–π,–Ω–∞—Ö",Mr. Nami,2,2021-07-06T08:00:37Z
